id,一级分类,二级分类,素材文件夹名,图片序号,图片文件名,完整访问URL
1,服饰类,红型工艺,白木棉地牡丹模様红型,1,白木棉地牡丹模様红型-1.jpg,https://echo-eternalflames.github.io/picx-images-hosting/白木棉地牡丹模様红型-1.webp
2,服饰类,红型工艺,红色宝珠瑞云花纹夹衣,1,红色宝珠瑞云花纹夹衣-1.jpg,https://echo-eternalflames.github.io/picx-images-hosting/红色宝珠瑞云花纹夹衣-1.webp
3,服饰类,红型工艺,黄木棉地菊牡丹红型,1,黄木棉地菊牡丹红型-1.jpg,https://echo-eternalflames.github.io/picx-images-hosting/黄木棉地菊牡丹红型-1.webp
4,服饰类,红型工艺,浅葱麻地牡丹凤凰红型,1,浅葱麻地牡丹凤凰红型-1.jpg,https://echo-eternalflames.github.io/picx-images-hosting/浅葱麻地牡丹凤凰红型-1.webp
5,服饰类,红型工艺,鼠紫色木棉地山水楼阁红型,1,鼠紫色木棉地山水楼阁红型-1.jpg,https://echo-eternalflames.github.io/picx-images-hosting/鼠紫色木棉地山水楼阁红型-1.webp
6,服饰类,红型工艺,紫木棉地风景模様红型,1,紫木棉地风景模様红型-1.jpg,https://echo-eternalflames.github.io/picx-images-hosting/紫木棉地风景模様红型-1.webp
7,服饰类,配饰,鼈甲簪,1,鼈甲簪-1.jpg,https://echo-eternalflames.github.io/picx-images-hosting/鼈甲簪-1.webp
8,服饰类,配饰,发簪かんざし,1,发簪かんざし-1.jpg,https://echo-eternalflames.github.io/picx-images-hosting/发簪かんざし-1.webp
9,服饰类,配饰,发簪かんざし,2,发簪かんざし-2.jpg,https://echo-eternalflames.github.io/picx-images-hosting/发簪かんざし-2.webp
10,服饰类,庶民服饰,芭蕉布着物,1,芭蕉布着物-1.jpg,https://echo-eternalflames.github.io/picx-images-hosting/芭蕉布着物-1.webp
11,服饰类,王室贵族服饰,赤地瑞云花纹缎子龙袍,1,赤地瑞云花纹缎子龙袍-1.jpg,https://echo-eternalflames.github.io/picx-images-hosting/赤地瑞云花纹缎子龙袍-1.webp
12,服饰类,王室贵族服饰,赤罗纱地上衣,1,赤罗纱地上衣-1.jpg,https://echo-eternalflames.github.io/picx-images-hosting/赤罗纱地上衣-1.webp
13,服饰类,王室贵族服饰,金铜云龙文簪,1,金铜云龙文簪-1.jpg,https://echo-eternalflames.github.io/picx-images-hosting/金铜云龙文簪-1.webp
14,服饰类,王室贵族服饰,金铜云龙文簪,2,金铜云龙文簪-2.jpg,https://echo-eternalflames.github.io/picx-images-hosting/金铜云龙文簪-2.webp
15,服饰类,王室贵族服饰,両天伞,1,両天伞-1.jpg,https://echo-eternalflames.github.io/picx-images-hosting/両天伞-1.webp
16,服饰类,王室贵族服饰,琉球头巾,1,琉球头巾-1.jpg,https://echo-eternalflames.github.io/picx-images-hosting/琉球头巾-1.webp
17,服饰类,王室贵族服饰,神扇,1,神扇-1.jpg,https://echo-eternalflames.github.io/picx-images-hosting/神扇-1.webp
18,服饰类,王室贵族服饰,王子冠,1,王子冠-1.jpg,https://echo-eternalflames.github.io/picx-images-hosting/王子冠-1.webp
19,服饰类,王室贵族服饰,玉冠（付簪）,1,玉冠（付簪）-1.jpg,https://echo-eternalflames.github.io/picx-images-hosting/玉冠（付簪）-1.webp
20,服饰类,王室贵族服饰,玉冠（付簪）,2,玉冠（付簪）-2.jpg,https://echo-eternalflames.github.io/picx-images-hosting/玉冠（付簪）-2.webp
21,服饰类,王室贵族服饰,玉冠（付簪）,3,玉冠（付簪）-3.jpg,https://echo-eternalflames.github.io/picx-images-hosting/玉冠（付簪）-3.webp
22,服饰类,舞踊专用服饰,裙カカン,1,裙カカン-1.jpg,https://echo-eternalflames.github.io/picx-images-hosting/裙カカン-1.webp
23,建筑类,其他古城与园林,今归仁城,1,今归仁城-1.jpg,https://echo-eternalflames.github.io/picx-images-hosting/今归仁城-1.webp
24,建筑类,其他古城与园林,今归仁城,2,今归仁城-2.jpg,https://echo-eternalflames.github.io/picx-images-hosting/今归仁城-2.webp
25,建筑类,其他古城与园林,久米至圣庙,1,久米至圣庙-1.jpg,https://echo-eternalflames.github.io/picx-images-hosting/久米至圣庙-1.webp
26,建筑类,其他古城与园林,久米至圣庙,2,久米至圣庙-2.jpg,https://echo-eternalflames.github.io/picx-images-hosting/久米至圣庙-2.webp
27,建筑类,其他古城与园林,久米至圣庙,3,久米至圣庙-3.jpg,https://echo-eternalflames.github.io/picx-images-hosting/久米至圣庙-3.webp
28,建筑类,其他古城与园林,圆觉寺放生桥,1,圆觉寺放生桥-1.jpg,https://echo-eternalflames.github.io/picx-images-hosting/圆觉寺放生桥-1.webp
29,建筑类,其他古城与园林,中城城,1,中城城-1.jpg,https://echo-eternalflames.github.io/picx-images-hosting/中城城-1.webp
30,建筑类,识名园,六角堂,1,六角堂-1.jpg,https://echo-eternalflames.github.io/picx-images-hosting/六角堂-1.webp
31,建筑类,识名园,六角堂,2,六角堂-2.jpg,https://echo-eternalflames.github.io/picx-images-hosting/六角堂-2.webp
32,建筑类,识名园,石拱桥,1,石拱桥-1.jpg,https://echo-eternalflames.github.io/picx-images-hosting/石拱桥-1.webp
33,建筑类,识名园,心字池,1,心字池-1.jpg,https://echo-eternalflames.github.io/picx-images-hosting/心字池-1.webp
34,建筑类,识名园,心字池,2,心字池-2.jpg,https://echo-eternalflames.github.io/picx-images-hosting/心字池-2.webp
35,建筑类,识名园,御殿,1,御殿-1.jpg,https://echo-eternalflames.github.io/picx-images-hosting/御殿-1.webp
36,建筑类,识名园,御殿,2,御殿-2.jpg,https://echo-eternalflames.github.io/picx-images-hosting/御殿-2.webp
37,建筑类,识名园,御殿,3,御殿-3.jpg,https://echo-eternalflames.github.io/picx-images-hosting/御殿-3.webp
38,建筑类,首里城,册封七碑,1,册封七碑-1.jpg,https://echo-eternalflames.github.io/picx-images-hosting/册封七碑-1.webp
39,建筑类,首里城,册封七碑,2,册封七碑-2.jpg,https://echo-eternalflames.github.io/picx-images-hosting/册封七碑-2.webp
40,建筑类,首里城,册封七碑,3,册封七碑-3.jpg,https://echo-eternalflames.github.io/picx-images-hosting/册封七碑-3.webp
41,建筑类,首里城,册封七碑,4,册封七碑-4.jpg,https://echo-eternalflames.github.io/picx-images-hosting/册封七碑-4.webp
42,建筑类,首里城,册封七碑,5,册封七碑-5.jpg,https://echo-eternalflames.github.io/picx-images-hosting/册封七碑-5.webp
43,建筑类,首里城,册封七碑,6,册封七碑-6.jpg,https://echo-eternalflames.github.io/picx-images-hosting/册封七碑-6.webp
44,建筑类,首里城,册封七碑,7,册封七碑-7.jpg,https://echo-eternalflames.github.io/picx-images-hosting/册封七碑-7.webp
45,建筑类,首里城,册封七碑,8,册封七碑-8.jpg,https://echo-eternalflames.github.io/picx-images-hosting/册封七碑-8.webp
46,建筑类,首里城,册封七碑,9,册封七碑-9.jpg,https://echo-eternalflames.github.io/picx-images-hosting/册封七碑-9.webp
47,建筑类,首里城,奉神门,1,奉神门-1.jpg,https://echo-eternalflames.github.io/picx-images-hosting/奉神门-1.webp
48,建筑类,首里城,奉神门,2,奉神门-2.jpg,https://echo-eternalflames.github.io/picx-images-hosting/奉神门-2.webp
49,建筑类,首里城,奉神门,3,奉神门-3.jpg,https://echo-eternalflames.github.io/picx-images-hosting/奉神门-3.webp
50,建筑类,首里城,广福门,1,广福门-1.jpg,https://echo-eternalflames.github.io/picx-images-hosting/广福门-1.webp
51,建筑类,首里城,欢会门,1,欢会门-1.jpg,https://echo-eternalflames.github.io/picx-images-hosting/欢会门-1.webp
52,建筑类,首里城,欢会门,2,欢会门-2.jpg,https://echo-eternalflames.github.io/picx-images-hosting/欢会门-2.webp
53,建筑类,首里城,继世门,1,继世门-1.jpg,https://echo-eternalflames.github.io/picx-images-hosting/继世门-1.webp
54,建筑类,首里城,京之内,1,京之内-1.jpg,https://echo-eternalflames.github.io/picx-images-hosting/京之内-1.webp
55,建筑类,首里城,久庆门,1,久庆门-1.jpg,https://echo-eternalflames.github.io/picx-images-hosting/久庆门-1.webp
56,建筑类,首里城,琉球赤瓦,1,琉球赤瓦-1.jpg,https://echo-eternalflames.github.io/picx-images-hosting/琉球赤瓦-1.webp
57,建筑类,首里城,龙樋,1,龙樋-1.jpg,https://echo-eternalflames.github.io/picx-images-hosting/龙樋-1.webp
58,建筑类,首里城,龙樋,2,龙樋-2.jpg,https://echo-eternalflames.github.io/picx-images-hosting/龙樋-2.webp
59,建筑类,首里城,龙樋,3,龙樋-3.jpg,https://echo-eternalflames.github.io/picx-images-hosting/龙樋-3.webp
60,建筑类,首里城,漏刻门,1,漏刻门-1.jpg,https://echo-eternalflames.github.io/picx-images-hosting/漏刻门-1.webp
61,建筑类,首里城,美福门,1,美福门-1.jpg,https://echo-eternalflames.github.io/picx-images-hosting/美福门-1.webp
62,建筑类,首里城,日影台,1,日影台-1.jpg,https://echo-eternalflames.github.io/picx-images-hosting/日影台-1.webp
63,建筑类,首里城,瑞泉门,1,瑞泉门-1.jpg,https://echo-eternalflames.github.io/picx-images-hosting/瑞泉门-1.webp
64,建筑类,首里城,瑞泉门,2,瑞泉门-2.jpg,https://echo-eternalflames.github.io/picx-images-hosting/瑞泉门-2.webp
65,建筑类,首里城,瑞泉门,3,瑞泉门-3.jpg,https://echo-eternalflames.github.io/picx-images-hosting/瑞泉门-3.webp
66,建筑类,首里城,守礼门,1,守礼门-1.jpg,https://echo-eternalflames.github.io/picx-images-hosting/守礼门-1.webp
67,建筑类,首里城,守礼门,2,守礼门-2.jpg,https://echo-eternalflames.github.io/picx-images-hosting/守礼门-2.webp
68,建筑类,首里城,守礼门,3,守礼门-3.jpg,https://echo-eternalflames.github.io/picx-images-hosting/守礼门-3.webp
69,建筑类,首里城,守礼门,4,守礼门-4.jpg,https://echo-eternalflames.github.io/picx-images-hosting/守礼门-4.webp
70,建筑类,首里城,首里城老照片,1,首里城老照片-1.jpg,https://echo-eternalflames.github.io/picx-images-hosting/首里城老照片-1.webp
71,建筑类,首里城,首里城老照片,2,首里城老照片-2.jpg,https://echo-eternalflames.github.io/picx-images-hosting/首里城老照片-2.webp
72,建筑类,首里城,首里城老照片,3,首里城老照片-3.jpg,https://echo-eternalflames.github.io/picx-images-hosting/首里城老照片-3.webp
73,建筑类,首里城,首里城老照片,4,首里城老照片-4.jpg,https://echo-eternalflames.github.io/picx-images-hosting/首里城老照片-4.webp
74,建筑类,首里城,首里城老照片,5,首里城老照片-5.jpg,https://echo-eternalflames.github.io/picx-images-hosting/首里城老照片-5.webp
75,建筑类,首里城,首里城老照片,6,首里城老照片-6.jpg,https://echo-eternalflames.github.io/picx-images-hosting/首里城老照片-6.webp
76,建筑类,首里城,首里森御岳,1,首里森御岳-1.jpg,https://echo-eternalflames.github.io/picx-images-hosting/首里森御岳-1.webp
77,建筑类,首里城,万国津梁之钟,1,万国津梁之钟-1.jpg,https://echo-eternalflames.github.io/picx-images-hosting/万国津梁之钟-1.webp
78,建筑类,首里城,西台,1,西台-1.jpg,https://echo-eternalflames.github.io/picx-images-hosting/西台-1.webp
79,建筑类,首里城,系图座用物座,1,系图座用物座-1.jpg,https://echo-eternalflames.github.io/picx-images-hosting/系图座用物座-1.webp
80,建筑类,首里城,下之御庭,1,下之御庭-1.jpg,https://echo-eternalflames.github.io/picx-images-hosting/下之御庭-1.webp
81,建筑类,首里城,右掖门,1,右掖门-1.jpg,https://echo-eternalflames.github.io/picx-images-hosting/右掖门-1.webp
82,建筑类,首里城,御庭与北殿南殿,1,御庭与北殿南殿-1.jpg,https://echo-eternalflames.github.io/picx-images-hosting/御庭与北殿南殿-1.webp
84,建筑类,首里城,园比屋武御岳石门,1,园比屋武御岳石门-1.jpg,https://echo-eternalflames.github.io/picx-images-hosting/园比屋武御岳石门-1.webp
85,建筑类,首里城,正殿,1,正殿-1.jpg,https://echo-eternalflames.github.io/picx-images-hosting/正殿-1.webp
86,建筑类,首里城,正殿,2,正殿-2.jpg,https://echo-eternalflames.github.io/picx-images-hosting/正殿-2.webp
87,教育与文献典籍类,古籍与教材,六谕衍义,1,六谕衍义-1.jpg,https://echo-eternalflames.github.io/picx-images-hosting/六谕衍义-1.webp
88,教育与文献典籍类,古籍与教材,六谕衍义,2,六谕衍义-2.jpg,https://echo-eternalflames.github.io/picx-images-hosting/六谕衍义-2.webp
89,教育与文献典籍类,史料典籍,德川幕府琉球往复书翰,1,德川幕府琉球往复书翰-1.jpg,https://echo-eternalflames.github.io/picx-images-hosting/德川幕府琉球往复书翰-1.webp
90,教育与文献典籍类,史料典籍,皇清职贡图,1,皇清职贡图-1.jpg,https://echo-eternalflames.github.io/picx-images-hosting/皇清职贡图-1.webp
91,教育与文献典籍类,史料典籍,皇清职贡图,2,皇清职贡图-2.jpg,https://echo-eternalflames.github.io/picx-images-hosting/皇清职贡图-2.webp
92,教育与文献典籍类,史料典籍,琉球产物志,1,琉球产物志-1.jpg,https://echo-eternalflames.github.io/picx-images-hosting/琉球产物志-1.webp
93,教育与文献典籍类,史料典籍,球阳,1,球阳-1.jpg,https://echo-eternalflames.github.io/picx-images-hosting/球阳-1.webp
94,教育与文献典籍类,史料典籍,使琉球录,1,使琉球录-1.jpg,https://echo-eternalflames.github.io/picx-images-hosting/使琉球录-1.webp
95,教育与文献典籍类,史料典籍,使琉球录,2,使琉球录-2.jpg,https://echo-eternalflames.github.io/picx-images-hosting/使琉球录-2.webp
96,教育与文献典籍类,史料典籍,使琉球录,3,使琉球录-3.jpg,https://echo-eternalflames.github.io/picx-images-hosting/使琉球录-3.webp
97,教育与文献典籍类,史料典籍,中山传信录,1,中山传信录-1.jpg,https://echo-eternalflames.github.io/picx-images-hosting/中山传信录-1.webp
98,教育与文献典籍类,史料典籍,中山传信录,2,中山传信录-2.jpg,https://echo-eternalflames.github.io/picx-images-hosting/中山传信录-2.webp
99,艺术类,工艺,茶库竹栉,1,茶库竹栉-1.jpg,https://echo-eternalflames.github.io/picx-images-hosting/茶库竹栉-1.webp
100,艺术类,工艺,茶库竹栉,2,茶库竹栉-2.jpg,https://echo-eternalflames.github.io/picx-images-hosting/茶库竹栉-2.webp
101,艺术类,工艺,茶盆藤盆,1,茶盆藤盆-1.jpg,https://echo-eternalflames.github.io/picx-images-hosting/茶盆藤盆-1.webp
102,艺术类,工艺,茶盆藤盆,2,茶盆藤盆-2.jpg,https://echo-eternalflames.github.io/picx-images-hosting/茶盆藤盆-2.webp
103,艺术类,工艺,巾着,1,巾着-1.jpg,https://echo-eternalflames.github.io/picx-images-hosting/巾着-1.webp
104,艺术类,工艺,金银指轮,1,金银指轮-1.jpg,https://echo-eternalflames.github.io/picx-images-hosting/金银指轮-1.webp
105,艺术类,工艺,金银指轮,2,金银指轮-2.jpg,https://echo-eternalflames.github.io/picx-images-hosting/金银指轮-2.webp
106,艺术类,工艺,菊雕贝笛,1,菊雕贝笛-1.jpg,https://echo-eternalflames.github.io/picx-images-hosting/菊雕贝笛-1.webp
107,艺术类,工艺,琉球雏,1,琉球雏-1.jpg,https://echo-eternalflames.github.io/picx-images-hosting/琉球雏-1.webp
108,艺术类,工艺,马槛船模型,1,马槛船模型-1.jpg,https://echo-eternalflames.github.io/picx-images-hosting/马槛船模型-1.webp
109,艺术类,工艺,马槛船模型,2,马槛船模型-2.jpg,https://echo-eternalflames.github.io/picx-images-hosting/马槛船模型-2.webp
110,艺术类,工艺,日伞,1,日伞-1.jpg,https://echo-eternalflames.github.io/picx-images-hosting/日伞-1.webp
111,艺术类,工艺,扇,1,扇-1.jpg,https://echo-eternalflames.github.io/picx-images-hosting/扇-1.webp
112,艺术类,工艺,算盘,1,算盘-1.jpg,https://echo-eternalflames.github.io/picx-images-hosting/算盘-1.webp
113,艺术类,绘画,琉球八景,1,琉球八景-1.jpg,https://echo-eternalflames.github.io/picx-images-hosting/琉球八景-1.webp
114,艺术类,绘画,琉球八景,2,琉球八景-2.jpg,https://echo-eternalflames.github.io/picx-images-hosting/琉球八景-2.webp
115,艺术类,绘画,琉球八景,3,琉球八景-3.jpg,https://echo-eternalflames.github.io/picx-images-hosting/琉球八景-3.webp
116,艺术类,绘画,琉球八景,4,琉球八景-4.jpg,https://echo-eternalflames.github.io/picx-images-hosting/琉球八景-4.webp
117,艺术类,绘画,琉球八景,5,琉球八景-5.jpg,https://echo-eternalflames.github.io/picx-images-hosting/琉球八景-5.webp
118,艺术类,绘画,琉球八景,6,琉球八景-6.jpg,https://echo-eternalflames.github.io/picx-images-hosting/琉球八景-6.webp
119,艺术类,绘画,琉球八景,7,琉球八景-7.jpg,https://echo-eternalflames.github.io/picx-images-hosting/琉球八景-7.webp
120,艺术类,绘画,琉球八景,8,琉球八景-8.jpg,https://echo-eternalflames.github.io/picx-images-hosting/琉球八景-8.webp
121,艺术类,绘画,琉球风俗图,1,琉球风俗图-1.jpg,https://echo-eternalflames.github.io/picx-images-hosting/琉球风俗图-1.webp
122,艺术类,绘画,琉球风俗图,2,琉球风俗图-2.jpg,https://echo-eternalflames.github.io/picx-images-hosting/琉球风俗图-2.webp
123,艺术类,绘画,琉球风俗图,3,琉球风俗图-3.jpg,https://echo-eternalflames.github.io/picx-images-hosting/琉球风俗图-3.webp
124,艺术类,绘画,琉球服饰图,1,琉球服饰图-1.jpg,https://echo-eternalflames.github.io/picx-images-hosting/琉球服饰图-1.webp
125,艺术类,绘画,琉球服饰图,2,琉球服饰图-2.jpg,https://echo-eternalflames.github.io/picx-images-hosting/琉球服饰图-2.webp
126,艺术类,绘画,琉球服饰图,3,琉球服饰图-3.jpg,https://echo-eternalflames.github.io/picx-images-hosting/琉球服饰图-3.webp
127,艺术类,绘画,琉球国奇观,1,琉球国奇观-1.jpg,https://echo-eternalflames.github.io/picx-images-hosting/琉球国奇观-1.webp
128,艺术类,绘画,琉球来聘使登营图,1,琉球来聘使登营图-1.jpg,https://echo-eternalflames.github.io/picx-images-hosting/琉球来聘使登营图-1.webp
129,艺术类,绘画,琉球人来朝图,1,琉球人来朝图-1.jpg,https://echo-eternalflames.github.io/picx-images-hosting/琉球人来朝图-1.webp
130,艺术类,绘画,琉球人乐器冠服图,1,琉球人乐器冠服图-1.jpg,https://echo-eternalflames.github.io/picx-images-hosting/琉球人乐器冠服图-1.webp
131,艺术类,漆器,黒漆云龙螺钿大盆,1,黒漆云龙螺钿大盆-1.jpg,https://echo-eternalflames.github.io/picx-images-hosting/黒漆云龙螺钿大盆-1.webp
132,艺术类,漆器,金地青贝葡萄栗鼠小箱,1,金地青贝葡萄栗鼠小箱-1.jpg,https://echo-eternalflames.github.io/picx-images-hosting/金地青贝葡萄栗鼠小箱-1.webp
133,艺术类,漆器,菊堆锦食笼,1,菊堆锦食笼-1.jpg,https://echo-eternalflames.github.io/picx-images-hosting/菊堆锦食笼-1.webp
134,艺术类,漆器,琉球螺钿蝴蝶纹盒,1,琉球螺钿蝴蝶纹盒-1.jpg,https://echo-eternalflames.github.io/picx-images-hosting/琉球螺钿蝴蝶纹盒-1.webp
135,艺术类,漆器,琉球青贝椿文盆,1,琉球青贝椿文盆-1.jpg,https://echo-eternalflames.github.io/picx-images-hosting/琉球青贝椿文盆-1.webp
136,艺术类,漆器,琉球朱漆沈金螺钿吸物椀,1,琉球朱漆沈金螺钿吸物椀-1.jpg,https://echo-eternalflames.github.io/picx-images-hosting/琉球朱漆沈金螺钿吸物椀-1.webp
137,艺术类,漆器,楼阁人物螺钿八角壶,1,楼阁人物螺钿八角壶-1.jpg,https://echo-eternalflames.github.io/picx-images-hosting/楼阁人物螺钿八角壶-1.webp
138,艺术类,漆器,葡萄栗鼠螺钿箙,1,葡萄栗鼠螺钿箙-1.jpg,https://echo-eternalflames.github.io/picx-images-hosting/葡萄栗鼠螺钿箙-1.webp
139,艺术类,漆器,清代黑漆嵌螺钿双龙戏珠长方攒盒,1,清代黑漆嵌螺钿双龙戏珠长方攒盒-1.jpg,https://echo-eternalflames.github.io/picx-images-hosting/清代黑漆嵌螺钿双龙戏珠长方攒盒-1.webp
140,艺术类,漆器,朱漆山水人物沉金带足盆,1,朱漆山水人物沉金带足盆-1.jpg,https://echo-eternalflames.github.io/picx-images-hosting/朱漆山水人物沉金带足盆-1.webp
141,艺术类,陶器,高坏,1,高坏-1.jpg,https://echo-eternalflames.github.io/picx-images-hosting/高坏-1.webp
142,艺术类,陶器,壶,1,壶-1.jpg,https://echo-eternalflames.github.io/picx-images-hosting/壶-1.webp
143,艺术类,戏剧舞蹈道具,琉球人舞踏图卷,1,琉球人舞踏图卷-1.jpg,https://echo-eternalflames.github.io/picx-images-hosting/琉球人舞踏图卷-1.webp
144,艺术类,音乐器物,半笙,1,半笙-1.jpg,https://echo-eternalflames.github.io/picx-images-hosting/半笙-1.webp
145,艺术类,音乐器物,缔太鼓,1,缔太鼓-1.jpg,https://echo-eternalflames.github.io/picx-images-hosting/缔太鼓-1.webp
146,艺术类,音乐器物,工工四谱,1,工工四谱-1.jpg,https://echo-eternalflames.github.io/picx-images-hosting/工工四谱-1.webp
147,艺术类,音乐器物,工工四谱,2,工工四谱-2.jpg,https://echo-eternalflames.github.io/picx-images-hosting/工工四谱-2.webp
148,艺术类,音乐器物,胡弓,1,胡弓-1.jpg,https://echo-eternalflames.github.io/picx-images-hosting/胡弓-1.webp
149,艺术类,音乐器物,琉球乐器图,1,琉球乐器图-1.jpg,https://echo-eternalflames.github.io/picx-images-hosting/琉球乐器图-1.webp
150,艺术类,音乐器物,蛇皮线三线,1,蛇皮线三线-1.jpg,https://echo-eternalflames.github.io/picx-images-hosting/蛇皮线三线-1.webp
151,饮食类,,苦瓜杂炒,1,苦瓜杂炒 - 1.jpg,https://echo-eternalflames.github.io/picx-images-hosting/苦瓜杂炒-1.webp
152,饮食类,,苦瓜杂炒,2,苦瓜杂炒 - 2.jpg,https://echo-eternalflames.github.io/picx-images-hosting/苦瓜杂炒-2.webp
153,饮食类,,豚角煮,1,豚角煮 - 1.jpg,https://echo-eternalflames.github.io/picx-images-hosting/豚角煮-1.webp
154,饮食类,,豚角煮,2,豚角煮 - 2.jpg,https://echo-eternalflames.github.io/picx-images-hosting/豚角煮-2.webp
155,饮食类,,豚角煮,3,豚角煮 - 3.jpg,https://echo-eternalflames.github.io/picx-images-hosting/豚角煮-3.webp
156,饮食类,,豚角煮,4,豚角煮 - 4.jpg,https://echo-eternalflames.github.io/picx-images-hosting/豚角煮-4.webp
157,饮食类,,豚角煮,5,豚角煮 - 5.jpg,https://echo-eternalflames.github.io/picx-images-hosting/豚角煮-5.webp
158,饮食类,,羊汁,1,羊汁 - 1.jpg,https://echo-eternalflames.github.io/picx-images-hosting/羊汁-1.webp
159,饮食类,,羊汁,2,羊汁 - 2.jpg,https://echo-eternalflames.github.io/picx-images-hosting/羊汁-2.webp
160,饮食类,,羊汁,3,羊汁 - 3.jpg,https://echo-eternalflames.github.io/picx-images-hosting/羊汁-3.webp
161,宗教与民俗实物类,民俗辟邪物,琉球狮子,1,琉球狮子-1.jpg,https://echo-eternalflames.github.io/picx-images-hosting/琉球狮子-1.webp
162,宗教与民俗实物类,民俗辟邪物,琉球狮子,2,琉球狮子-2.jpg,https://echo-eternalflames.github.io/picx-images-hosting/琉球狮子-2.webp
163,宗教与民俗实物类,民俗辟邪物,琉球狮子,3,琉球狮子-3.jpg,https://echo-eternalflames.github.io/picx-images-hosting/琉球狮子-3.webp
164,宗教与民俗实物类,民俗辟邪物,石敢当,1,石敢当-1.jpg,https://echo-eternalflames.github.io/picx-images-hosting/石敢当-1.webp
165,宗教与民俗实物类,民俗辟邪物,石敢当,2,石敢当-2.jpg,https://echo-eternalflames.github.io/picx-images-hosting/石敢当-2.webp
166,宗教与民俗实物类,民俗辟邪物,石敢当,3,石敢当-3.jpg,https://echo-eternalflames.github.io/picx-images-hosting/石敢当-3.webp
167,宗教与民俗实物类,民俗实物,厨子瓮,1,厨子瓮-1.jpg,https://echo-eternalflames.github.io/picx-images-hosting/厨子瓮-1.webp
168,宗教与民俗实物类,民俗实物,龟甲墓,1,龟甲墓-1.jpg,https://echo-eternalflames.github.io/picx-images-hosting/龟甲墓-1.webp
169,宗教与民俗实物类,民俗实物,龟甲墓,2,龟甲墓-2.jpg,https://echo-eternalflames.github.io/picx-images-hosting/龟甲墓-2.webp
170,宗教与民俗实物类,民俗实物,龟甲墓,3,龟甲墓-3.jpg,https://echo-eternalflames.github.io/picx-images-hosting/龟甲墓-3.webp
