文章标题,图片文件名,图片注释,图片链接
汉韵琉球-琉球服饰1-红型,汉韵琉球-琉球服饰1-红型-1.jpg,穿琉球服饰的舞者 | Pexels,https://echo-eternalflames.github.io/picx-images-hosting/汉韵琉球-琉球服饰1-红型-1.webp
汉韵琉球-琉球服饰1-红型,汉韵琉球-琉球服饰1-红型-2.png,“红型”布料 | 故宫博物院网站,https://echo-eternalflames.github.io/picx-images-hosting/汉韵琉球-琉球服饰1-红型-2.webp
汉韵琉球-琉球服饰1-红型,汉韵琉球-琉球服饰1-红型-3.png,“红型”布料 | 故宫博物院网站,https://echo-eternalflames.github.io/picx-images-hosting/汉韵琉球-琉球服饰1-红型-3.webp
汉韵琉球-琉球服饰1-红型,汉韵琉球-琉球服饰1-红型-4.png,“红型”布料 | 故宫博物院网站,https://echo-eternalflames.github.io/picx-images-hosting/汉韵琉球-琉球服饰1-红型-4.webp
汉韵琉球-琉球服饰1-红型,汉韵琉球-琉球服饰1-红型-5.jpg,“红型染”工序 | 东京国立博物馆网站,https://echo-eternalflames.github.io/picx-images-hosting/汉韵琉球-琉球服饰1-红型-5.webp
汉韵琉球-琉球服饰1-红型,汉韵琉球-琉球服饰1-红型-6.jpg,“红型染”工序 | 东京国立博物馆网站,https://echo-eternalflames.github.io/picx-images-hosting/汉韵琉球-琉球服饰1-红型-6.webp
汉韵琉球-琉球服饰1-红型,汉韵琉球-琉球服饰1-红型-7.jpg,“红型染”工序 | 东京国立博物馆网站,https://echo-eternalflames.github.io/picx-images-hosting/汉韵琉球-琉球服饰1-红型-7.webp
汉韵琉球-琉球服饰1-红型,汉韵琉球-琉球服饰1-红型-8.jpg,"""紅型衣裳"" | 东京国立博物馆网站",https://echo-eternalflames.github.io/picx-images-hosting/汉韵琉球-琉球服饰1-红型-8.webp
汉韵琉球-琉球服饰1-红型,汉韵琉球-琉球服饰1-红型-9.jpg,"""紅型衣裳"" | 东京国立博物馆网站",https://echo-eternalflames.github.io/picx-images-hosting/汉韵琉球-琉球服饰1-红型-9.webp
汉韵琉球-琉球服饰1-红型,汉韵琉球-琉球服饰1-红型-10.jpg,水洗步骤 | 东京国立博物馆网站,https://echo-eternalflames.github.io/picx-images-hosting/汉韵琉球-琉球服饰1-红型-10.webp
汉韵琉球-琉球服饰1-红型,汉韵琉球-琉球服饰1-红型-11.jpg,中式图案与“黄衣” | 东京国立博物馆网站,https://echo-eternalflames.github.io/picx-images-hosting/汉韵琉球-琉球服饰1-红型-11.webp
汉韵琉球-琉球服饰1-红型,汉韵琉球-琉球服饰1-红型-12.jpg,中式图案与“黄衣” | 东京国立博物馆网站,https://echo-eternalflames.github.io/picx-images-hosting/汉韵琉球-琉球服饰1-红型-12.webp
汉韵琉球-琉球服饰1-红型,汉韵琉球-琉球服饰1-红型-13.jpg,中式图案与“黄衣” | 东京国立博物馆网站,https://echo-eternalflames.github.io/picx-images-hosting/汉韵琉球-琉球服饰1-红型-13.webp
汉韵琉球-琉球建筑1-首里城,汉韵琉球-琉球建筑1-首里城-1.jpg,首里城正殿 | 首里城公园网站,https://echo-eternalflames.github.io/picx-images-hosting/汉韵琉球-琉球建筑1-首里城-1.webp
汉韵琉球-琉球建筑1-首里城,汉韵琉球-琉球建筑1-首里城-2.jpg,城门、石碑与石造景观 | 首里城公园网站,https://echo-eternalflames.github.io/picx-images-hosting/汉韵琉球-琉球建筑1-首里城-2.webp
汉韵琉球-琉球建筑1-首里城,汉韵琉球-琉球建筑1-首里城-3.jpg,城门、石碑与石造景观 | 首里城公园网站,https://echo-eternalflames.github.io/picx-images-hosting/汉韵琉球-琉球建筑1-首里城-3.webp
汉韵琉球-琉球建筑1-首里城,汉韵琉球-琉球建筑1-首里城-4.jpg,城门、石碑与石造景观 | 首里城公园网站,https://echo-eternalflames.github.io/picx-images-hosting/汉韵琉球-琉球建筑1-首里城-4.webp
汉韵琉球-琉球建筑1-首里城,汉韵琉球-琉球建筑1-首里城-5.jpg,城门、石碑与石造景观 | 首里城公园网站,https://echo-eternalflames.github.io/picx-images-hosting/汉韵琉球-琉球建筑1-首里城-5.webp
汉韵琉球-琉球建筑1-首里城,汉韵琉球-琉球建筑1-首里城-6.jpg,城门、石碑与石造景观 | 首里城公园网站,https://echo-eternalflames.github.io/picx-images-hosting/汉韵琉球-琉球建筑1-首里城-6.webp
汉韵琉球-琉球建筑1-首里城,汉韵琉球-琉球建筑1-首里城-7.jpg,奉神门与正殿内部 | 首里城公园网站,https://echo-eternalflames.github.io/picx-images-hosting/汉韵琉球-琉球建筑1-首里城-7.webp
汉韵琉球-琉球建筑1-首里城,汉韵琉球-琉球建筑1-首里城-8.jpg,奉神门与正殿内部 | 首里城公园网站,https://echo-eternalflames.github.io/picx-images-hosting/汉韵琉球-琉球建筑1-首里城-8.webp
汉韵琉球-琉球建筑1-首里城,汉韵琉球-琉球建筑1-首里城-9.jpg,书院、南殿与“唐破风” | 首里城公园网站,https://echo-eternalflames.github.io/picx-images-hosting/汉韵琉球-琉球建筑1-首里城-9.webp
汉韵琉球-琉球建筑1-首里城,汉韵琉球-琉球建筑1-首里城-10.jpg,书院、南殿与“唐破风” | 首里城公园网站,https://echo-eternalflames.github.io/picx-images-hosting/汉韵琉球-琉球建筑1-首里城-10.webp
汉韵琉球-琉球建筑1-首里城,汉韵琉球-琉球建筑1-首里城-11.jpg,书院、南殿与“唐破风” | 首里城公园网站,https://echo-eternalflames.github.io/picx-images-hosting/汉韵琉球-琉球建筑1-首里城-11.webp
汉韵琉球-琉球建筑1-首里城,汉韵琉球-琉球建筑1-首里城-12.jpg,俯瞰首里城 | 首里城公园网站,https://echo-eternalflames.github.io/picx-images-hosting/汉韵琉球-琉球建筑1-首里城-12.webp
汉韵琉球-琉球建筑1-首里城,汉韵琉球-琉球建筑1-首里城-13.jpg,龙的雕塑与彩绘 | 首里城公园网站,https://echo-eternalflames.github.io/picx-images-hosting/汉韵琉球-琉球建筑1-首里城-13.webp
汉韵琉球-琉球建筑1-首里城,汉韵琉球-琉球建筑1-首里城-14.jpg,龙的雕塑与彩绘 | 首里城公园网站,https://echo-eternalflames.github.io/picx-images-hosting/汉韵琉球-琉球建筑1-首里城-14.webp
汉韵琉球-琉球建筑1-首里城,汉韵琉球-琉球建筑1-首里城-15.jpg,龙的雕塑与彩绘 | 首里城公园网站,https://echo-eternalflames.github.io/picx-images-hosting/汉韵琉球-琉球建筑1-首里城-15.webp
汉韵琉球-琉球艺术1-琉球三线,汉韵琉球-琉球艺术1-琉球三线-1.jpg,馆藏“三线” | 冲绳县立博物馆网站,https://echo-eternalflames.github.io/picx-images-hosting/汉韵琉球-琉球艺术1-琉球三线-1.webp
汉韵琉球-琉球艺术1-琉球三线,汉韵琉球-琉球艺术1-琉球三线-2.png,“拨子” / 三线结构图 | 来自网络,https://echo-eternalflames.github.io/picx-images-hosting/汉韵琉球-琉球艺术1-琉球三线-2.webp
汉韵琉球-琉球艺术1-琉球三线,汉韵琉球-琉球艺术1-琉球三线-3.jpg,“拨子” / 三线结构图 | 来自网络,https://echo-eternalflames.github.io/picx-images-hosting/汉韵琉球-琉球艺术1-琉球三线-3.webp
汉韵琉球-琉球艺术1-琉球三线,汉韵琉球-琉球艺术1-琉球三线-4.png,弹奏“三线” | 图虫创意,https://echo-eternalflames.github.io/picx-images-hosting/汉韵琉球-琉球艺术1-琉球三线-4.webp
汉韵琉球-琉球艺术1-琉球三线,汉韵琉球-琉球艺术1-琉球三线-5.png,中国“三弦”：匏描金仙人纹三弦 | 故宫博物院网站,https://echo-eternalflames.github.io/picx-images-hosting/汉韵琉球-琉球艺术1-琉球三线-5.webp
汉韵琉球-琉球艺术1-琉球三线,汉韵琉球-琉球艺术1-琉球三线-6.jpg,第二尚氏时代的“三线” | 东京国立博物馆网站,https://echo-eternalflames.github.io/picx-images-hosting/汉韵琉球-琉球艺术1-琉球三线-6.webp
汉韵琉球-琉球艺术1-琉球三线,汉韵琉球-琉球艺术1-琉球三线-7.jpg,第二尚氏时代的“三线” | 东京国立博物馆网站,https://echo-eternalflames.github.io/picx-images-hosting/汉韵琉球-琉球艺术1-琉球三线-7.webp
汉韵琉球-琉球艺术1-琉球三线,汉韵琉球-琉球艺术1-琉球三线-8.jpg,第二尚氏时代的“三线” | 东京国立博物馆网站,https://echo-eternalflames.github.io/picx-images-hosting/汉韵琉球-琉球艺术1-琉球三线-8.webp
