标题,正文
汉韵琉球|琉球艺术1: 琉球“三线”,"　　在东亚传统音乐的世界里，总有一些乐器虽不似古琴、古筝那般广为人知，却以独特的姿态传承着一方文化的脉络。作为琉球音乐体系的核心，它不仅是声音的载体，更凝结着当地匠人的巧思与岁月的沉淀。本文将带你走近琉球音乐的灵魂——琉球三线，聆听它弦间流淌的悠悠古韵与岁月故事。
　　琉球三线，琴杆多选用黑檀木或紫檀木，坚硬的材质能为演奏提供稳定支撑，让乐手在拨动琴弦时更易把控节奏；琴筒以桑木为基底，外部覆盖一层黑漆，既起到防潮耐用的作用，又让乐器外观多了几分雅致感。不过部分琴筒会用多层涂有防水柿漆的纸替代蛇皮，而蒙蛇皮的三线其实是二战后才慢慢普及开来的。
　　三线的三根琴弦有着清晰的区分，按音高从低到高依次称为“男弦”“中弦”“女弦”，有趣的是，琴弦缠绕在弦轴上的顺序与日本三味线恰好相反：高音的“女弦”缠绕在最上方的弦轴，且弦身还缠有精细的绳子，既能固定琴弦，又能让高音音色更显清亮。
　　为三线搭配的拨子，会根据演奏场景的不同调整形态。演奏琉球古典音乐时，乐手常用能镶套在食指上的大型拨子，长度约6厘米，材质多为牛角、山羊角或象牙，弹出的音色厚重饱满；若是演奏民谣，就换成尺寸较小的同类拨子，长约3厘米，更适配轻快灵动的旋律；奄美群岛的演奏者则有自己的偏好，他们常用长约4厘米的削薄细竹签拨子，弹出的声音带着独特的地域质感。
　　而记录三线音乐的乐谱也颇具特色，主要采用“工工四谱”，这一乐谱是十八世纪的屋嘉比朝寄改制而成，更贴合琉球音乐的节奏与旋律特点，成为三线音乐得以代代传承的重要载体。
　　从演奏形式来看，最常见的是个人弹唱，乐手怀抱三线，弦音伴着歌声，将细腻的情感娓娓道来；在舞踊、地谣等集体表演场景中，三线还会与筝、鼓、笛等乐器协同合奏，不同乐器的音色交织，让音乐层次更显丰富；此外，也有以二人齐唱为主、三线伴奏的形式，两人的和声与琴弦的韵律相互呼应，别有一番风味。
　　历史上，三线音乐曾涌现出当流、闻觉流等流派，如今已遗憾失传；现存的湛水流、安富祖流和野村流则各有千秋——湛水流由湛水亲方（唐名夏德庸）创立，专注于古典音乐的复兴，演奏手法细腻，注重唱与弹的抑扬顿挫，旋律朴素且采用琉球音阶；安富祖流由安富祖正元（唐名伊巫显）创立，师从知念绩高，崇尚“弦声一体”，追求弦音与歌声的紧密交融，被誉为技巧派；野村流源于野村安赵，受创始人洒脱性格的影响，风格明朗豪放，音色庄重洪亮，尤其注重音乐的大众化表达与舞蹈的配合。
　　追溯其起源，三线的雏形正是中国的三弦——明初，闽人三十六姓迁徙至琉球时，大多携带三弦同行，这一举措为三线的诞生埋下了伏笔。此后，经过琉球本地能工巧匠的不断改良，融入本土文化特质，三弦才逐渐演变成如今独具特色的三线形制。此外，记录三线音乐的“工工四谱”也是脱胎于中国传统的“工尺谱”，又经屋嘉比朝寄改制的“屋嘉比工工四”再改良后，才更好地适配三线的演奏特点。
　　在曲目创作上，琉球御座乐中的“唱曲”曲目，如包含《春佳景》《春色娇》的《四大景》、《纱窗外》等，与福州、泉州地区的外来小调有着直接的亲缘关系，部分曲目的旋律骨干音完全一致，仅因琉球人对复杂音的掌握有限，在装饰润腔上稍作简化；《伊集打花鼓之歌》与福州、泉州地区的《茉莉花》渊源深厚，只因三线调弦法从中国三弦的正调改为琉球的一扬调子，导致旋律音调有所简化、音阶发生变动，但只要还原原本的调弦法，便能弹出与《茉莉花》骨干音基本相同的旋律，且两者的唱词发音也多有重合之处；此外，路次乐中的《颂王声》，其源头可追溯至京剧、昆剧的经典曲牌《柳青娘》，在旋律骨干音、乐句结束音等关键部分，都能找到诸多相似点，足以见得中琉音乐文化交流的深度。
　　在当代，琉球三线以独特的姿态融入现代文化之中。2006 年上映的日本爱情电影《泪光闪闪》，讲述了一对无血缘关系兄妹间的动人故事，其中插曲《三线之花》由冲绳第一民谣超级团体BEGIN创作 ，歌曲以冲绳三味线为主旋律，歌词饱含着对家乡的眷恋，一经推出便深受喜爱。其标准的琉球音阶，搭配三味线独有的音色，瞬间将人带入那片遥远而美丽的海岛，也让琉球三线的独特魅力，借由流行文化的传播，走进更多人的视野。
　　回首往昔，三弦自中国传入，此后历经岁月变迁，在琉球的土地上生根发芽，演变成如今的琉球三线。如今，琉球三线不仅承载着琉球的历史与情感，更在创新与传承中，成为连接过去与现在、中国与琉球音乐文化的桥梁，让那悠悠弦音，继续诉说着动人的故事。"
