产品名称,产品介绍
汉韵琉球主题明信片,"      明信片为本项目首轮文创的核心主推产品，在设计上兼顾视觉呈现、留白创作与数字互动功能，实现观赏+创作+AR体验+科普延伸的多重价值。明信片正面选取首里城、红型染、琉球三线三大代表性文化符号作为核心视觉图案，画面构图简洁、视觉辨识度高，同时保留适度空白区域，可供使用者自由书写、涂鸦与创作，增强产品的互动性与个性化空间。

       明信片背面遵循标准信函格式设置，包含书写区域、粘贴邮票区域等基础功能模块，满足日常邮寄与纪念馈赠需求。在功能拓展设计上，背面右上角设置两枚功能二维码，形成数字技术+文化传播的联动体系。第一枚为AR互动二维码，例如在首里城主题明信片中，使用者扫描后进入专属小程序，再将手机镜头对准明信片正面图案，即可触发AR展示效果，画面中呈现动态相框与首里城标志性建筑——守礼门三维模型，让静态图案转化为沉浸式视觉体验，增强文化展示的生动性与趣味性。第二枚为汉韵琉球公众号二维码，使用者扫描后可关注平台并回复对应关键词，即可快速查阅与明信片图案相关的原创科普文章，实现文创产品—数字体验—深度阅读的完整传播闭环，让单一明信片兼具纪念、互动、科普与引流多重功能。"
汉韵琉球主题帆布袋,"      帆布袋设计简约大气、实用性强，以中琉文化对话与山海意象互证为核心理念，采用双面对印构图，形成视觉呼应与文化互文。帆布袋一面印制琉球八景图，该题材源自清代周煌《琉球国志略》中的《球阳八景图》，后由日本浮世绘师葛饰北斋整理创作，集中展现琉球本土的山海风光与人文胜景，是琉球地域文化与审美情趣的典型载体；另一面印制明代吴门四家之一仇英所绘《蓬莱仙境图》，作品以工笔青绿山水呈现海上仙山意境，建筑精巧、云气缥缈，是中国传统仙境题材绘画的代表之作。

      两幅画作意境相通、审美相近，共同折射出中琉文化交流的深厚渊源与审美共鸣，也暗合古代文献中蓬莱与东方海岛相关联的历史想象，直观体现中琉之间一衣带水、文化相融的历史脉络。

       帆布袋整体印制工艺简洁，兼顾美观、耐用与日常携带需求。产品配套定制吊牌，吊牌上印有汉韵琉球公众号二维码，消费者扫描后搜索关键词琉球八景图，即可快速获取对应的专题科普内容，深入了解图像背后的历史背景、文化内涵与艺术源流，使帆布袋不仅是日常用品，更是可阅读、可探究的文化载体，实现产品使用与知识传播的深度结合。"
汉韵琉球主题书签,"       书签以语言文化与地域美学融合为设计思路，整体小巧精致、便于使用，兼具文化性与实用性。书签一面选取冲绳琉球方言日常用语与俗语（如问候、欢迎类表达），以简洁文字呈现琉球本土语言特色，直观展现当地独有的民俗文化与语言魅力；另一面搭配主题视觉图案，部分款式采用琉球八景经典景观画面，其余款式使用项目组原创设计插图，画面风格统一、意境清新，与文字内容形成呼应。

       书签整体设计简约耐看，文化元素丰富，既满足日常阅读使用需求，又能让使用者在使用过程中感受琉球语言、景观与艺术的多重魅力，与明信片、帆布袋形成完整的文创产品体系，共同传递中琉文化交融的核心主题。"
