序号,一级分类,二级分类,素材名,图片数,介绍
1,服饰类,红型工艺,白木棉地牡丹模様红型,1,"　　白木棉地牡丹模様红型是琉球红型染的经典代表作之一，以白色木棉为地，用型染工艺印染牡丹花纹样。红型（びんがた）是琉球王国独有的传统染色技法，名称中「ビン」意为色彩，「ガタ」意为纹样，起源可追溯至14至15世纪，受中国、东南亚及日本多元文化影响而形成。
　　其制作工艺繁复，需经型纸雕刻、防染糊涂刷、色挿し（逐色刷染）、晕映、蒸化固色、水洗等多道工序。牡丹花纹在琉球文化中象征富贵与繁荣，是红型中最常见的吉祥纹样之一。
　　白地红型以其清新典雅的格调，多用于士族阶层的日常礼服与夏季衣装，体现了琉球王国高超的染织工艺水平与独特的审美情趣。"
2,服饰类,红型工艺,红色宝珠瑞云花纹夹衣,1,"　　红色宝珠瑞云花纹夹衣是琉球王室贵族的重要礼服，以鲜艳的红色为地，印染宝珠与瑞云纹样，属国宝级红型染织物。琉球红型在王国时期受到王室的严格保护与管理，设有专门的染织机构，红型衣装是区分贵族等级的重要标志。
　　红色在琉球文化中象征尊贵与辟邪，宝珠纹寓意吉祥圆满，瑞云纹则代表祥瑞之兆。夹衣（あわせ）是表里两层的和服式衣装，适合春秋季穿着，其形制受中国明代服饰与日本和服的双重影响，交领右衽、宽袖大身，衣带宽阔系于胸前。
　　这件夹衣集中体现了琉球红型染工艺的最高成就，色彩饱和度高，纹样布局疏密得当，是研究琉球王国服饰制度与染织工艺的珍贵实物资料。"
3,服饰类,红型工艺,黄木棉地菊牡丹红型,1,"　　黄木棉地菊牡丹红型是琉球红型染的代表性作品，以黄色木棉为地，印染菊花与牡丹组合纹样。黄色在琉球服饰等级制度中占有重要地位，是中上级士族的常用服色。
　　菊花与牡丹均为琉球红型中最经典的花卉纹样，菊花象征高洁长寿，牡丹寓意富贵荣华，二者组合表达了对美好生活的祈愿。琉球红型的染料来源丰富，包括矿物颜料与植物染料两大类，黄色多取自地黄、栀子等植物染料。其染色工艺采用型纸防染与手绘笔填相结合的方式，先以型纸印染轮廓与主色，再以毛笔细致晕染花瓣层次，最后经蒸化固色。
　　这件作品色彩明快温暖，纹样饱满生动，充分展现了琉球红型南国情调浓郁、色彩华丽的艺术特色。"
4,服饰类,红型工艺,浅葱麻地牡丹凤凰红型,1,"　　浅葱麻地牡丹凤凰红型是琉球红型染中的精品，以浅葱色（淡蓝色）麻布为地，印染牡丹与凤凰纹样。麻布是琉球传统衣料之一，透气性佳，适合亚热带气候穿着。
　　浅葱色清新淡雅，在琉球服饰色彩体系中属于中级士族服色。凤凰是中国传统文化中的瑞鸟，象征吉祥与高贵，经中国传入琉球后成为王室与高级贵族服饰的专属纹样，与牡丹组合寓意「凤穿牡丹」，象征荣华富贵。琉球红型的型纸多以和纸或鲨鱼皮制成，雕刻极为精细，凤凰的羽毛纹理与牡丹的花瓣层次均需精准刻画。
　　这件作品以冷色调为底，配以高饱和度的红、绿等色染纹样，形成鲜明对比，体现了琉球红型大胆用色、纹样繁复的艺术风格，是研究琉球染织工艺与文化交流的重要实物。"
5,服饰类,红型工艺,鼠紫色木棉地山水楼阁红型,1,"　　鼠紫色木棉地山水楼阁红型是琉球红型染中较为少见的风景题材作品，以鼠紫色（灰紫色）木棉为地，印染山水楼阁纹样。琉球红型的传统纹样以花鸟风月为主，山水楼阁题材受中国水墨画与山水画影响较深，多出现于高级贵族的礼服与屏风装饰中。
　　鼠紫色是一种沉稳内敛的中间色，在琉球服饰色彩中属于雅致的高级用色，常用于士族男性的日常衣装。山水楼阁纹样以远景山峦、近景亭台楼阁为构图，间以树木流水，意境悠远，体现了中国文人画审美对琉球艺术的影响。琉球红型的晕染技法（晕映）可使色彩产生由深至浅的渐变效果，在山水题材中用于表现云雾与远近层次，使画面富有立体感。
　　这件作品展示了琉球红型不仅擅长花卉纹样，在风景题材上亦有高超造诣。"
6,服饰类,红型工艺,紫木棉地风景模様红型,1,"　　紫木棉地风景模様红型是琉球红型染的风景题材代表作，以紫色木棉为地，印染风景纹样。紫色在琉球文化中象征高贵与神秘，是王室与高级贵族的专属服色之一，普通百姓不得僭用。
　　风景模様（风景纹样）在琉球红型中属较高级的纹样类别，多描绘琉球本土的自然景观，如海岸、礁石、棕榈、村落等，具有浓郁的南国风情。与受中国影响的山水楼阁题材不同，本土风景纹样更具琉球地域特色，反映了琉球人对自身生活环境的热爱与审美表达。琉球红型的染色工艺需经多次套色，每种颜色单独刷染并干燥后再进行下一色，工艺繁复耗时。
　　紫色地配以红、黄、绿等亮色风景纹样，形成华丽而不失沉稳的视觉效果，是琉球红型艺术中地域特色与高超工艺的完美结合。"
7,服饰类,配饰,鼈甲簪,1,"　　鼈甲簪是琉球传统发饰之一，以鼈甲（海龟壳）为材料精心制作而成。鼈甲在琉球文化中是极为珍贵的材料，因其光泽温润、纹理美丽而备受贵族女性喜爱，是身份与地位的象征。
　　琉球群岛地处热带海域，海龟资源丰富，鼈甲工艺在琉球王国时期达到很高水平。簪（かんざし）是固定发髻的发饰，琉球女性的发式受中国与日本双重影响，贵族女性发髻高挽，需以多种发饰固定与装饰。鼈甲簪的制作需经加热软化、塑形、雕刻、打磨等多道工序，工匠利用鼈甲天然的半透明质感与黄褐色纹理，制作出花卉、如意、云纹等各种造型。
　　琉球鼈甲簪与日本本土簪在形制上有所区别，更显大气华丽，部分簪头还镶嵌金、银、珊瑚等装饰，是琉球贵族女性盛装时不可或缺的重要配饰。"
8,服饰类,配饰,发簪かんざし,2,"　　发簪（かんざし）是琉球传统女性发饰的统称，种类繁多，材质丰富，是琉球服饰文化的重要组成部分。琉球发簪的材质包括金、银、铜、鼈甲、珊瑚、象牙、竹、木等，不同材质对应不同的身份等级与使用场合。
　　王室与高级贵族多用金簪、银簪与鼈甲簪，士族阶层多用银簪与铜簪，平民则多用竹簪与木簪。琉球发簪的造型丰富多样，有花卉形、动物形、几何形、如意形等，部分簪头还饰有红型染织物或流苏。琉球女性的发式在不同年龄段与身份等级上有严格区分，未婚少女、已婚妇人、老年女性的发髻各有不同，所需发簪的数量与种类也各异。
　　琉球发簪工艺融合了中国、日本与东南亚的装饰风格，形成了独特的琉球审美，是研究琉球物质文化与社会等级制度的重要实物资料。"
9,服饰类,庶民服饰,芭蕉布着物,1,"　　芭蕉布着物是琉球庶民阶层的传统常服，以芭蕉纤维纺织而成的芭蕉布为面料。芭蕉布是琉球最具代表性的传统织物之一，利用芭蕉树干的纤维经过剥皮、晾晒、捻线、织布等多道工序制成，质地轻薄透气，非常适合冲绳的亚热带气候。
　　琉球芭蕉布的历史悠久，在王国时期是庶民百姓的主要衣料，因其原料易得、制作简便而广泛流行。芭蕉布着物的形制简洁朴素，交领右衽，衣袖较窄，衣长及膝，便于劳作。与贵族华丽的红型衣装不同，芭蕉布着物多为素色或简单的条纹纹样，不施繁饰，体现了庶民服饰的实用主义特征。
　　芭蕉布的织造技艺在2000年被日本政府指定为传统工艺品，是琉球庶民文化与生活智慧的结晶，反映了琉球人因地制宜、利用本土资源创造生活美学的文化传统。"
10,服饰类,王室贵族服饰,赤地瑞云花纹缎子龙袍,1,"　　赤地瑞云花纹缎子龙袍是琉球国王的最高等级礼服，属国宝级文物，以红色缎子为面料，织绣瑞云花纹与龙纹。琉球国王的服饰制度深受中国明代册封制度影响，国王在接受中国皇帝册封后，获赐蟒袍、玉带等礼服，在此基础上发展出琉球独特的王室服饰体系。
　　红色是琉球王室的专属服色，象征至高无上的王权与尊贵。龙纹在琉球服饰中是国王的专属纹样，与中国的五爪龙不同，琉球龙纹多为四爪，体现了作为中国藩属国的等级区分。瑞云纹寓意祥瑞，遍布衣身，与龙纹组合形成「云龙」图案，象征王权天授。
　　这件龙袍面料为高级缎子，织造精密，纹样华丽，是琉球王国最高织造工艺的集中体现，也是研究中琉册封关系与琉球服饰制度的珍贵实物资料，现藏于那霸市历史博物馆。"
11,服饰类,王室贵族服饰,赤罗纱地上衣,1,"　　赤罗纱地上衣是琉球王室贵族的夏季礼服，以红色罗纱为面料制成。罗纱是一种轻薄透气的丝织物，经纬线交织形成规则的孔眼，具有良好的透气性，非常适合冲绳炎热的夏季穿着。
　　红色在琉球服饰等级中是王室与高级贵族的专属色，这件赤罗纱地上衣应为王室成员或高级士族的夏季礼服。其形制为交领右衽、宽袖大身的上衣样式，衣长及腰，下配裙裳，是琉球贵族正装的基本形制。罗纱织物的织造工艺复杂，需在织机上精心控制经纬线的交织密度，形成均匀的孔眼结构，同时保持织物的强度与垂感。
　　琉球的丝织业受中国与日本影响，王国时期设有专门的织造机构，为王室与贵族生产高级丝织物。这件赤罗纱地上衣体现了琉球贵族服饰在实用性与礼仪性之间的完美平衡，是研究琉球夏季服饰与丝织工艺的重要实物。"
12,服饰类,王室贵族服饰,金铜云龙文簪,2,"　　金铜云龙文簪是琉球闻得大君（琉球王国最高等级的女性祭司，由国王的姐妹或女儿担任）的专属发饰，以金铜合金制成，簪头雕刻云龙纹样，属重要文化财。闻得大君在琉球王国的神政合一政治体制中占有极为重要的地位，是琉球最高宗教领袖，主持国家最重要的祭祀仪式，其服饰与配饰的等级仅次于国王。
　　金铜合金在琉球工艺中常用于高级礼器与贵族配饰，金色象征神圣与尊贵。云龙纹样是王权与神权的双重象征，龙代表国王的权威，云代表天界与神圣领域，二者组合寓意闻得大君沟通人神、代天行事的宗教职能。
　　这件金簪的制作工艺精湛，云龙纹样雕刻细腻生动，龙鳞与云纹均清晰可辨，是琉球金工艺术的代表作，也是研究琉球神政合一政治制度与女性祭司文化的珍贵实物资料。"
13,服饰类,王室贵族服饰,両天伞,1,"　　両天伞是琉球王室仪式中使用的礼仪用伞，是国王出行与重要典礼时的仪仗之一。「両天」意为「两天」或「双重天盖」，指伞面有两层结构，象征国王的权威如天盖般庇护万民。
　　琉球王室的仪仗制度深受中国明代宫廷制度影响，伞、扇、幡等仪仗器物是区分等级的重要标志。両天伞的伞面多以高级丝织物制成，饰有金泥纹样或红型染纹样，伞柄以黑漆或朱漆涂抹，部分还镶嵌螺钿装饰。在琉球王国的重要仪式中，如国王即位、册封使迎接、新年朝贺等，両天伞与其他仪仗器物共同组成庄严的仪仗队伍，彰显王室的威严与等级秩序。
　　琉球灭亡后，両天伞等王室仪仗器物多散佚，现存实物极为珍贵，是研究琉球王国宫廷礼仪与仪仗制度的重要实物资料，体现了中琉文化交流在政治制度层面的深远影响。"
14,服饰类,王室贵族服饰,琉球头巾,1,"　　琉球头巾是琉球王室贵族与士族男性的传统头饰，以布帛缠裹头部而成，是琉球服饰文化中极具特色的组成部分。琉球男性的头饰制度有严格的等级区分，不同身份、不同场合佩戴不同样式的头巾。
　　国王佩戴玉冠或皮弁冠，高级贵族佩戴八卷（以彩色布帛缠首），一般士族则佩戴较简单的头巾。琉球头巾的缠裹方式独特，将布帛折叠后从额前绕至脑后，在头顶或侧面打结，形成独特的造型。头巾的材质与颜色也有等级区分，高级贵族用缎子、罗等高级丝织物，颜色多为红、紫、黄等尊贵色；士族用棉、麻等普通面料，颜色多为蓝、黑、白等。
　　琉球头巾文化受中国明代巾帽制度与日本本土乌帽子文化的双重影响，融合发展出独特的琉球样式，是研究琉球社会等级制度与服饰文化的重要实物资料。"
15,服饰类,王室贵族服饰,神扇,1,"　　神扇是琉球王室宗教仪式中使用的礼仪用扇，是闻得大君与高级祭司在祭祀仪式中手持的重要法器。琉球王国是神政合一的国家，国王同时是最高祭司，闻得大君是女性最高祭司，在重要的国家祭祀中，祭司们手持神扇，配合舞蹈与咒文，沟通人神，祈求国泰民安、风调雨顺。
　　其形制与普通折扇不同，多为单面扇或团扇，扇面以高级纸或丝织物制成，饰有金泥绘的神纹、云纹、花卉纹等神圣纹样，扇柄以黑漆或朱漆涂抹，部分还镶嵌螺钿。神扇在琉球宗教文化中具有神圣的象征意义，代表着祭司的神权与沟通天界的能力，是仪式中不可或缺的法器。
　　琉球灭亡后，神扇等宗教法器多散佚，现存实物极为珍贵，是研究琉球本土宗教（琉球神道）与祭祀文化的重要实物资料，体现了琉球独特的神政合一文化传统。"
16,服饰类,王室贵族服饰,王子冠,1,"　　王子冠是琉球国王子（按司）的专属冠帽，是琉球王室服饰等级制度的重要组成部分。琉球王国的冠帽制度有严格的等级区分，国王佩戴玉冠（王冠），王子与高级贵族佩戴王子冠，一般士族官员佩戴皮弁冠或船型官帽，平民则以布帛缠首。
　　其形制受中国明代冠帽制度影响较深，多以硬木或竹篾为胎，外裱黑纱或缎子，冠顶饰有金、银或珠玉，冠两侧有缨带系于颌下。王子冠的装饰规格仅次于国王的玉冠，体现了王子作为王位继承人的尊贵地位。在琉球王国的重要典礼中，如国王即位、新年朝贺、册封使迎接等，王子按规定佩戴王子冠，身着相应等级的礼服，参与仪式。
　　琉球灭亡后，王子冠等王室冠帽多散佚，现存实物极为珍贵，是研究琉球王国服饰等级制度与宫廷礼仪的重要实物资料，反映了中琉文化交流在服饰制度层面的深远影响。"
17,服饰类,王室贵族服饰,玉冠（付簪）,3,"　　玉冠是琉球国王的王冠，又称「御冠」，是琉球王国最高权力的象征，附带有数支金簪（付簪）用于固定。玉冠的形制受中国明代帝王冠冕制度影响，以金、银、玉、珠等珍贵材料制成，冠顶饰有金制龙纹或火焰纹，冠周垂挂珠玉流苏，极为华丽尊贵。
　　琉球国王在即位大典、册封仪式、新年朝贺等最重要的国家典礼中佩戴玉冠，身着龙袍，象征王权天授、君临万国。玉冠附带的金簪（付簪）不仅用于固定冠体，本身也是重要的礼器，簪头雕刻龙纹、云纹等神圣纹样，工艺精湛。琉球王国历史上，玉冠曾多次因战乱与火灾而损毁，现存玉冠多为后世复原或传世实物。
　　玉冠是琉球王国王权与国家统一的最重要象征物，也是研究中琉册封关系、琉球宫廷礼仪与金工工艺的珍贵实物资料，具有极高的历史与艺术价值。"
18,服饰类,舞踊专用服饰,裙カカン,1,"　　裙カカン（かかん）是琉球传统舞踊（诸踊）中女性舞者穿着的专用下裳，是琉球舞踊服饰的标志性组成部分。「カカン」一词源于琉球方言，指一种围裹式的长裙，穿着时将布帛围于腰间，在身前或侧面打结，裙长及地，行走时摇曳生姿，极具舞蹈美感。
　　琉球舞踊是琉球王国宫廷艺术的重要组成部分，是在册封使迎接仪式、国王宴会等重要场合表演的宫廷舞蹈，后逐渐流传至民间。カカン的面料多为高级红型染织物，饰有花卉、瑞云等吉祥纹样，色彩鲜艳华丽，与舞踊的优雅舞姿相得益彰。カカン的穿着方式独特，需配合特定的内衣与腰带，形成层次丰富的视觉效果。
　　琉球舞踊服饰融合了中国、日本与东南亚的服饰元素，发展出独特的琉球风格，カカン作为其中最具代表性的服饰部件，是研究琉球宫廷艺术与服饰文化的重要实物资料。"
19,建筑类,其他古城与园林,今归仁城,2,"　　今归仁城是琉球王国时期北山王国的都城遗址，位于冲绳县今归仁村，是琉球世界遗产「琉球王国的城堡以及相关遗产群」的组成部分之一。今归仁城始建于13世纪，是琉球三山时代北山王国的政治中心，1416年被中山王国尚巴志王攻灭后，成为琉球王国北部的重要军事据点。
　　城址建于海拔约100米的石灰岩台地上，以琉球石灰岩砌筑的石垣为主要防御工事，石垣曲线优美，是琉球城郭建筑的代表作。城内建有御庭、正殿、府邸等建筑遗址，出土了大量中国瓷器、漆器等贸易品，反映了当时北山王国与中国、东南亚的繁荣贸易。今归仁城也是著名的樱花观赏地，每年1月下旬至2月上旬，城内的寒绯樱盛开，与古老的石垣相映成趣。
　　今归仁城遗址是研究琉球三山时代历史与城郭建筑的重要考古遗址，具有极高的历史与学术价值。"
20,建筑类,其他古城与园林,久米至圣庙,3,"　　久米至圣庙是琉球王国时期祭祀孔子的孔庙，位于那霸市久米村，是琉球儒学教育的重要场所。久米村是琉球王国的华人聚居地，1392年明太祖朱元璋派遣闽人三十六姓移居琉球，他们聚居在久米村，世代担任琉球王国的外交、翻译、航海、文教等重要职务，将中国文化与制度传入琉球。
　　至圣庙始建于1671年，由久米村的华裔学者发起修建，供奉孔子与四配（颜回、曾参、子思、孟子），是琉球王国举行祭孔仪式的场所。庙内附设明伦堂，是琉球王国的最高学府，教授儒学经典、汉语、书法、算术等课程，培养了大批琉球的儒家学者与官僚。久米至圣庙在冲绳战役中被毁，后于1975年复原重建。
　　至圣庙是中琉文化交流的重要见证，反映了儒学在琉球的传播与影响，也是研究琉球教育史与中琉关系史的重要文化遗产。"
21,建筑类,其他古城与园林,圆觉寺放生桥,1,"　　圆觉寺放生桥是琉球王国时期圆觉寺的附属建筑，位于首里城附近，是琉球佛教建筑的重要遗存。圆觉寺是琉球王国的皇家寺院，1494年由尚真王下令修建，是琉球王国规模最大、地位最高的佛教寺院，历代国王的葬礼与祭祀仪式多在此举行。
　　放生桥是圆觉寺放生池上的石拱桥，以琉球石灰岩砌筑，桥身呈优美的弧形，是琉球石造建筑的精品。放生池是佛教寺院的常见设施，用于放生鱼类等水生生物，体现佛教的慈悲不杀思想。圆觉寺在冲绳战役中几乎完全被毁，仅存放生桥、放生池、龙渊桥等少数石造建筑遗存。
　　圆觉寺放生桥是研究琉球佛教建筑与石造工艺的重要实物资料，反映了中国佛教建筑文化对琉球的深远影响，也是首里城周边重要的历史文化景观，与圆鉴池、龙渊桥等共同构成了琉球皇家寺院园林的遗构。"
22,建筑类,其他古城与园林,中城城,1,"　　中城城是琉球王国时期的重要城郭遗址，位于冲绳县中头郡中城村，是琉球世界遗产「琉球王国的城堡以及相关遗产群」的组成部分之一。中城城始建于14世纪，是琉球三山时代中山王国的重要军事据点，也是琉球王国时期护持首里城的北方屏障。
　　城址建于海拔约160米的丘陵上，利用天然的地形优势，以琉球石灰岩砌筑的多层曲弧石垣为主要防御工事，是琉球城郭建筑中保存最为完整的遗址之一。中城城的石垣采用「野面积み」（乱石砌）与「布积み」（规整砌）相结合的技法，曲线优美，工艺精湛，被认为是琉球城郭石垣建筑的最高杰作。城内建有御庭、正殿、府邸、粮仓等建筑遗址，出土了大量中国瓷器、武器等文物。
　　中城城是研究琉球城郭建筑技术与军事防御体系的重要考古遗址，也是冲绳著名的历史观光景点，每年吸引大量游客前来参观。"
23,建筑类,识名园,六角堂,2,"　　六角堂是琉球王国皇家园林识名园内的重要建筑，位于那霸市识名，是琉球世界遗产「琉球王国的城堡以及相关遗产群」的组成部分之一。识名园是琉球王国的王家别邸与离宫，始建于1799年，是国王与王室成员休憩、接待册封使的场所。
　　六角堂位于识名园的心字池畔，是一座六角形的攒尖顶亭阁，建筑风格融合了中国江南园林建筑与琉球本土建筑特色。六角堂以朱漆涂抹的木柱支撑，屋顶铺以琉球赤瓦，造型轻盈雅致，是园内最佳的观景建筑，可俯瞰心字池全景与周边的园林景观。六角堂在冲绳战役中被毁，后于1970年代复原重建。
　　识名园是琉球王国唯一留存的皇家园林，融合了中国园林、日本园林与琉球本土的造园艺术，六角堂作为园内的标志性建筑，是研究琉球皇家园林建筑与中琉文化交流的重要实物资料。"
24,建筑类,识名园,石拱桥,1,"　　石拱桥是琉球王国皇家园林识名园内的重要景观建筑，横跨于心字池之上，是琉球石造建筑与园林艺术的代表作之一。识名园是琉球王国的王家离宫，始建于1799年，是国王休憩与接待中国册封使的场所。
　　园内的心字池是人工开凿的池塘，因平面形状酷似汉字「心」而得名，是识名园的核心景观。石拱桥以琉球石灰岩砌筑，桥身呈优美的弧形，横跨于心字池的狭窄处，连接池的两岸，是园内重要的交通与景观建筑。石拱桥的砌筑工艺精湛，石块之间严丝合缝，桥身曲线流畅，体现了琉球石匠高超的技艺。石拱桥的设计深受中国江南园林石拱桥的影响，同时融入了琉球本土的建筑特色，是中琉造园艺术交流的实物见证。
　　石拱桥在冲绳战役中受损，后经修复恢复原貌。如今，石拱桥与心字池、六角堂、御殿等共同构成了识名园优美的园林景观，是研究琉球皇家园林与石造建筑的重要文化遗产。"
25,建筑类,识名园,心字池,2,"　　心字池是琉球王国皇家园林识名园的核心景观，位于那霸市识名，是琉球世界遗产的组成部分。识名园始建于1799年，是琉球王国的王家离宫，心字池是园内最大的人工水体，因平面形状酷似汉字「心」而得名，是琉球造园艺术的杰作。
　　心字池利用自然地形开凿而成，池岸曲折有致，池中种植荷花，池畔种植热带与亚热带植物，四季景色各异。心字池的设计深受中国江南园林「一池三山」造园理念的影响，同时融入了琉球本土的自然景观特色，体现了琉球王国兼收并蓄的文化特质。池上建有石拱桥，池畔建有六角堂、劝耕台石碑、八角堂、御殿等建筑，共同构成了层次丰富的园林景观。
　　心字池在冲绳战役中受损，后经修复恢复原貌。心字池是研究琉球皇家园林造园艺术与中琉文化交流的重要实物资料，也是冲绳著名的历史观光景点，每年吸引大量游客前来欣赏其优美的园林景观。"
26,建筑类,识名园,御殿,3,"　　御殿是琉球王国皇家园林识名园内的主体建筑，位于那霸市识名，是琉球世界遗产的组成部分。识名园始建于1799年，是琉球王国的王家离宫，御殿是国王与王室成员在园内的起居与接待场所，也是园内规模最大的建筑。
　　御殿的建筑风格融合了中国宫殿建筑、日本书院造建筑与琉球本土建筑特色，采用木造结构，屋顶铺以琉球赤瓦，室内铺以榻榻米，设有大广间、次之间、小书院等多个房间，功能分区明确。御殿是琉球国王接待中国册封使的重要场所，册封使一行在琉球期间，国王多次在识名园御殿设宴款待，进行外交与文化交流。御殿在冲绳战役中被毁，后于1970年代依据史料与考古发掘成果复原重建。
　　御殿是研究琉球皇家建筑、宫廷礼仪与中琉外交关系的重要实物资料，其建筑风格的多元融合特征，正是琉球王国作为海洋贸易国家兼收并蓄文化特质的生动体现，具有极高的历史与建筑艺术价值。"
27,建筑类,首里城,册封七碑,9,"　　册封七碑是首里城内龙樋周边的七座石碑，是中国历代册封使在琉球留下的珍贵历史遗迹。册封使是中国皇帝派遣至琉球宣告国王即位的官方使节，明清两代共派遣册封使24次，这些册封使在琉球期间，对龙樋清澈的泉水极为赞赏，纷纷以汉诗吟咏并在石碑上留下题字，形成了著名的「册封七碑」。
　　七座石碑分别为康熙年间册封使汪楫的「中山第一泉」、徐葆光的「瑞泉」、周煌的「中山之泉」，以及其他册封使的题字石碑，是中琉册封关系的重要实物见证。这些石碑在冲绳战役中遭受破坏，几乎全部损毁，1984年的发掘调查中出土了部分残片，后依据史料记载与残片进行了复原。
　　册封七碑是研究中琉外交关系、册封制度与汉文学交流的珍贵实物资料，碑上的汉诗与题字不仅具有历史价值，也具有书法艺术价值，是首里城内最重要的历史文化遗存之一，生动见证了琉球王国与中国长达五百年的宗藩关系与文化交流。"
28,建筑类,首里城,奉神门,3,"　　奉神门是首里城正殿前方的重要宫门，是首里城核心区域的入口，也是琉球王国宫廷礼仪的重要场所。奉神门始建于尚真王时代（15世纪末至16世纪初），是一座二层建筑，下层为三门式的通道，上层为楼阁，屋顶铺以琉球赤瓦，屋脊饰有龙头雕与鬼瓦，建筑风格融合了中国宫殿建筑与琉球本土特色。
　　奉神门是首里城内最重要的礼仪之门，每天清晨开门时，会举行「御开门」仪式，由官员击鼓开门，象征王宫一天的开始。在国王即位、册封使迎接、新年朝贺等重要典礼中，奉神门是仪式队列的重要节点，国王与官员们在此门内外进行一系列的礼仪活动。奉神门在冲绳战役中被毁，1974年依据史料与考古发掘成果复原重建。
　　奉神门是研究琉球宫廷建筑与礼仪制度的重要实物资料，其建筑风格的多元融合特征与丰富的礼仪内涵，是琉球王国政治文化的生动体现，也是首里城最具代表性的建筑之一。"
29,建筑类,首里城,广福门,1,"　　广福门是首里城的重要城门之一，位于首里城的南部区域，是连接外郭与内郭的重要通道。首里城是琉球王国的王宫与政治中心，始建于14世纪末，历经多次扩建与焚毁重建，形成了以正殿为核心、多重城门与城墙环绕的完整城郭体系。
　　广福门是首里城众多城门中的一座，以琉球石灰岩砌筑的石垣为基座，上建木造门楼，屋顶铺以琉球赤瓦，建筑风格庄重典雅。广福门在琉球王国的日常行政与宫廷生活中发挥着重要作用，是官员与侍从进出王宫核心区域的重要通道，也是宫廷礼仪队列的组成部分。广福门在冲绳战役中被毁，后随首里城的整体复原工程得以重建。
　　首里城的城门体系是琉球城郭建筑的重要组成部分，每座城门都有其特定的功能与礼仪意义，广福门作为其中之一，是研究琉球王宫建筑布局与宫廷生活的重要实物资料，也反映了中国宫殿建筑制度对琉球的深远影响。"
30,建筑类,首里城,欢会门,2,"　　欢会门是首里城的正门之一，位于首里城的南部，是进入首里城核心区域的第一道重要城门，也是琉球王国接待外国使节的重要礼仪之门。欢会门始建于15世纪前后，是一座二层门楼建筑，以琉球石灰岩砌筑的石垣为基座，上建木造门楼，屋顶铺以琉球赤瓦，屋脊饰有龙头雕，建筑风格融合了中国城门建筑与琉球本土特色。
　　欢会门的名称寓意「欢乐相会」，是琉球国王迎接中国册封使、朝鲜使节与日本使节的重要场所，使节们在此门受到琉球官员的隆重迎接，然后经由此门进入王宫。欢会门在冲绳战役中被毁，1974年依据史料与考古发掘成果复原重建。
　　欢会门是研究琉球外交礼仪与城门建筑的重要实物资料，见证了琉球王国作为海洋贸易国家与东亚各国频繁的外交往来，也是首里城最具代表性的城门建筑之一，其宏伟的造型与丰富的历史内涵，使其成为冲绳的重要历史文化象征。"
31,建筑类,首里城,继世门,1,"　　继世门是首里城的重要城门之一，位于首里城的东部区域，是首里城多重城门体系的组成部分。首里城作为琉球王国的王宫与政治中心，其城郭布局严谨，由外郭、内郭与核心宫殿区组成，各区域之间以城门与城墙分隔，形成了层次分明、防御严密的空间结构。
　　继世门是连接首里城东部各区域的重要通道，其名称「继世」寓意「世代相继」，体现了琉球王国对王权永续传承的祈愿。继世门以琉球石灰岩砌筑的石垣为基座，上建木造门楼，屋顶铺以琉球赤瓦，建筑风格与首里城其他城门保持一致。继世门在冲绳战役中被毁，后随首里城的整体复原工程得以重建。
　　首里城的城门体系不仅具有军事防御功能，更具有重要的礼仪与象征意义，每座城门的名称与位置都蕴含着琉球王国的政治理念与文化内涵。继世门作为其中之一，是研究琉球王宫建筑布局、城郭防御体系与政治文化的重要实物资料，反映了中国都城规划制度对琉球的深远影响。"
32,建筑类,首里城,京之内,1,"　　京之内是首里城内的重要区域名称，位于首里城的核心宫殿区附近，是琉球王国宫廷行政与生活的重要空间。「京之内」一词在琉球方言中指「王宫内部」或「宫廷区域」，是首里城内最为核心的区域之一，分布着国王的寝宫、王妃的居所、王子与公主的住处，以及宫廷的仓库、厨房、工坊等附属设施。
　　京之内区域的建筑以木造结构为主，屋顶铺以琉球赤瓦，建筑风格融合了中国宫殿建筑、日本书院造与琉球本土特色，既有庄重的礼仪建筑，也有温馨的居住建筑，功能分区明确。京之内是琉球王国宫廷生活的核心区域，国王与王室成员在此处理日常政务、举行家庭仪式、进行文化教育活动，是琉球政治与文化的中心。京之内区域的建筑在冲绳战役中几乎全部被毁，后经考古发掘与史料研究，部分建筑得以复原。
　　京之内是研究琉球宫廷生活、王宫建筑布局与王室文化的重要考古遗址与历史空间，对于理解琉球王国的政治制度与宫廷文化具有重要价值。"
33,建筑类,首里城,久庆门,1,"　　久庆门是首里城的重要城门之一，位于首里城的西部区域，是首里城多重城门体系的组成部分。首里城作为琉球王国的王宫，其城郭布局深受中国明代都城规划制度的影响，采用多重城墙与城门环绕核心宫殿区的布局，每座城门都有其特定的功能与方位意义。
　　久庆门位于首里城的西侧，是连接王宫西部区域与外部的重要通道，其名称「久庆」寓意「长久喜庆」，体现了琉球王国对国泰民安、王室繁荣的美好祈愿。久庆门以琉球石灰岩砌筑的石垣为基座，上建木造门楼，屋顶铺以琉球赤瓦，建筑风格与首里城整体建筑风格保持一致，庄重典雅。久庆门在冲绳战役中被毁，后随首里城的整体复原工程得以重建。
　　首里城的城门体系是琉球城郭建筑与宫廷礼仪的重要组成部分，每座城门不仅是交通通道与防御工事，更是政治权力与礼仪秩序的空间象征。久庆门作为其中之一，是研究琉球王宫建筑布局、城郭制度与政治文化的重要实物资料。"
34,建筑类,首里城,琉球赤瓦,1,"　　琉球赤瓦是琉球传统建筑中使用的红色陶瓦，是琉球建筑最具标志性的特征之一。琉球赤瓦以当地的黏土为原料，经成型、干燥、烧制而成，因烧制过程中铁元素氧化而呈现出独特的朱红色，色泽温暖而富有质感。
　　其使用历史悠久，在琉球王国时期，赤瓦是王室、贵族与寺院建筑的专用 roofing material，普通百姓的住宅只能使用茅草或黑瓦，赤瓦的使用有着严格的等级限制。琉球赤瓦的形制多样，包括本瓦、丸瓦、熨斗瓦、鬼瓦等多种类型，不同类型的瓦配合使用，形成优美的屋顶曲线。琉球赤瓦的烧制工艺与中国、日本的陶瓦工艺既有联系又有区别，形成了独特的琉球风格。
　　在首里城、识名园、寺院等琉球传统建筑中，赤瓦屋顶与白色石垣、朱漆木构形成鲜明的色彩对比，构成了琉球建筑独特的视觉美感。琉球赤瓦是研究琉球建筑技术、陶瓷工艺与社会等级制度的重要实物资料，也是琉球文化最具辨识度的视觉符号之一。"
35,建筑类,首里城,龙樋,3,"　　龙樋是首里城内的著名泉水景观，位于欢会门与瑞泉门之间，是首里城最重要的水源地与历史文化景观。龙樋以琉球石灰岩砌筑，泉水从雕刻成龙首形状的石嘴中流出，注入下方的石砌水池，因「龙首吐水」的造型而得名。
　　龙樋的泉水清澈甘甜，是琉球王宫的主要饮用水源，历代国王与王室成员均饮用此水。中国历代册封使在琉球期间，对龙樋的泉水极为赞赏，纷纷以汉诗吟咏并刻石留念，在龙樋周边留下了著名的「册封七碑」。龙樋的设计融合了中国园林理水艺术与琉球本土的石造工艺，龙首雕刻生动有力，泉水四季不断，是首里城内最具诗意的景观。
　　龙樋在冲绳战役中受损，后经修复恢复原貌。龙樋不仅是一处泉水景观，更是中琉文化交流的重要见证，册封使们留下的汉诗与石碑，记录了中琉之间长达五百年的宗藩关系与文化交流，具有极高的历史与文化价值，是首里城最重要的历史文化遗存之一。"
36,建筑类,首里城,漏刻门,1,"　　漏刻门是首里城的重要城门之一，位于首里城的南部区域，因门内设有漏刻（古代水钟）而得名。漏刻是中国古代发明的计时仪器，利用水的恒定流量来计量时间，后传入琉球，成为琉球王国宫廷的重要计时工具。
　　首里城内的漏刻门附近设有宫廷的计时机构，负责管理漏刻、报告时辰，是琉球王国宫廷时间制度的重要组成部分。漏刻门以琉球石灰岩砌筑的石垣为基座，上建木造门楼，屋顶铺以琉球赤瓦，建筑风格与首里城其他城门保持一致。漏刻门在琉球王国的宫廷生活中发挥着重要作用，宫廷的仪式、朝会、祭祀等活动均需依据漏刻报告的时辰来安排，漏刻门是宫廷时间秩序的空间象征。
　　漏刻门在冲绳战役中被毁，后随首里城的整体复原工程得以重建。漏刻门是研究琉球宫廷时间制度、科技传播与城门建筑的重要实物资料，反映了中国古代科技文明对琉球的深远影响，也是首里城城门体系中独具特色的一座，其名称与功能的特殊性，使其成为研究琉球宫廷制度与文化交流的重要切入点。"
37,建筑类,首里城,美福门,1,"　　美福门是首里城的重要城门之一，位于首里城的西南部，是首里城多重城门体系的组成部分。首里城作为琉球王国的王宫与政治中心，其城郭布局严谨，由外郭、内郭与核心宫殿区组成，各区域之间以城门与城墙分隔，形成了层次分明、功能完善的空间结构。
　　美福门位于首里城的西南侧，是连接王宫西南部区域与外部的重要通道，其名称「美福」寓意「美好福运」，体现了琉球王国对王室幸福、国家安泰的美好祈愿。美福门以琉球石灰岩砌筑的石垣为基座，上建木造门楼，屋顶铺以琉球赤瓦，建筑风格庄重典雅，与首里城整体建筑风格保持一致。美福门在冲绳战役中被毁，后随首里城的整体复原工程得以重建。
　　首里城的城门体系是琉球城郭建筑与宫廷礼仪的重要组成部分，每座城门不仅具有军事防御功能，更具有重要的礼仪与象征意义，是琉球王国政治权力与空间秩序的物质体现。美福门作为其中之一，是研究琉球王宫建筑布局、城郭制度与政治文化的重要实物资料，反映了中国都城规划制度与建筑文化对琉球的深远影响。"
38,建筑类,首里城,日影台,1,"　　日影台是首里城内的古代天文观测设施，位于首里城的南部区域，是琉球王国宫廷天文学与时间制度的重要实物遗存。日影台是一种利用日影测量时辰与节气的天文仪器，类似于中国古代的圭表，通过测量太阳投射在标尺上的影子长度与方向，来确定正午时刻、二十四节气以及回归年的长度。
　　琉球王国的天文学深受中国影响，宫廷设有专门的天文机构与官员，负责观测天象、制定历法、报告时辰，日影台是这些天文活动的重要设施。日影台以琉球石灰岩砌筑，平台上立有石制的表（标尺），地面刻有刻度线，用于测量日影的长度与方位。日影台在冲绳战役中受损，后经修复恢复原貌。
　　日影台是研究琉球天文学史、科技传播史与宫廷时间制度的重要实物资料，反映了中国古代天文历法与科技文明对琉球的深远影响，也是首里城内独具特色的历史文化遗存。日影台的存在，证明了琉球王国在吸收中国先进科技文化方面的积极态度，也体现了琉球王国作为东亚文明圈成员的文化属性，具有重要的历史与科学价值。"
39,建筑类,首里城,瑞泉门,3,"　　瑞泉门是首里城的重要城门之一，位于龙樋泉水的北侧，因临近瑞泉（龙樋泉水）而得名，是首里城核心区域的入口之一。瑞泉门始建于15世纪前后，是一座二层门楼建筑，以琉球石灰岩砌筑的石垣为基座，上建木造门楼，屋顶铺以琉球赤瓦，屋脊饰有龙头雕与鬼瓦，建筑风格融合了中国城门建筑与琉球本土特色。
　　瑞泉门位于龙樋与册封七碑的北侧，是从泉水区域进入王宫核心区的重要通道，历代册封使在游览龙樋、观赏册封七碑后，经瑞泉门进入王宫正殿区域。瑞泉门的名称「瑞泉」意为「祥瑞之泉」，是对龙樋泉水的美称，体现了琉球王国对这一王宫水源的珍视与神化。瑞泉门在冲绳战役中被毁，后随首里城的整体复原工程得以重建。
　　瑞泉门是研究琉球城门建筑、宫廷礼仪与中琉文化交流的重要实物资料，其与龙樋、册封七碑共同构成了首里城南部最具历史文化内涵的景观区域，见证了琉球王国与中国长达五百年的宗藩关系与文化交流，具有极高的历史与建筑艺术价值。"
40,建筑类,首里城,守礼门,4,"　　守礼门是首里城最著名的城门，也是冲绳的象征之一，位于首里城的南部入口处，以悬挂「守礼之邦」匾额而闻名于世。守礼门始建于尚清王时代（1530年前后），是一座中国风格的牌楼式建筑，以朱漆涂抹的木柱支撑，屋顶铺以琉球赤瓦，屋脊饰有龙头雕，造型轻盈典雅，被誉为「琉球的凯旋门」。
　　门楣上悬挂的「守礼之邦」匾额，意为「恪守礼仪之邦」，是琉球王国以礼治国、以文化立国的政治理念的集中体现，也是琉球王国作为东亚文明圈成员的文化宣言。守礼门是琉球国王迎接中国册封使的最重要礼仪之门，册封使抵达首里时，国王在此门举行隆重的迎接仪式，然后经由此门进入王宫。守礼门在冲绳战役中被毁，1958年依据史料与照片复原重建，是战后首里城最早复原的建筑之一。
　　守礼门是琉球文化最具标志性的象征，其图像被印在冲绳的纸币、邮票与各种旅游纪念品上，是琉球王国政治理念、文化精神与建筑艺术的集中体现，具有极高的历史、文化与建筑艺术价值。"
41,建筑类,首里城,首里城老照片,6,"　　首里城老照片是19世纪末至20世纪初拍摄的首里城历史照片，是研究首里城历史建筑与变迁的珍贵视觉资料。这些老照片多由明治时期的日本摄影师、外国旅行者与军事人员拍摄，记录了首里城在冲绳战役被毁之前的原始面貌，包括正殿、守礼门、奉神门、瑞泉门、龙樋等建筑的早期形态，以及当时的宫廷生活与城市景观。
　　首里城始建于14世纪末，历经多次焚毁与重建，1879年琉球王国灭亡后，首里城被改为日军兵营与神社，部分建筑被拆除或改建，这些老照片记录了这一历史变迁过程中的首里城面貌。1945年冲绳战役中，首里城几乎完全被毁，这些老照片成为战后首里城复原重建的最重要依据之一，建筑师与历史学家依据这些照片，结合史料记载与考古发掘成果，逐步复原了首里城的主要建筑。
　　首里城老照片不仅是建筑史研究的珍贵资料，也是琉球王国历史与文化的视觉见证，记录了一个已经消失的时代的建筑风貌与社会生活，具有极高的历史与学术价值。"
42,建筑类,首里城,首里森御岳,1,"　　首里森御岳是首里城内的重要宗教祭祀场所，位于首里城的东北部，是琉球本土宗教（琉球神道）的重要圣地。「御岳」是琉球对宗教祭祀场所的称呼，类似于日本的神社，是琉球人祭祀神灵、祈求国泰民安的场所。
　　首里森御岳是琉球王国最重要的御岳之一，与园比屋武御岳、斋场御岳等并称为琉球的「七御岳」，是国家级别的祭祀场所。首里森御岳利用自然的森林与岩石营造神圣空间，不设人工的神像与建筑，以森林本身为神灵的居所，体现了琉球本土宗教自然崇拜的特征。在琉球王国时期，闻得大君（最高女性祭司）与高级祭司们在此举行重要的国家祭祀仪式，祈求国王健康、国家安泰、五谷丰登。
　　首里森御岳在冲绳战役中受损，后经修复恢复了其神圣空间的原貌。首里森御岳是研究琉球本土宗教、祭祀文化与神政合一政治制度的重要实物资料，反映了琉球在接受中国儒学与日本佛教之前的原始宗教信仰，是琉球文化多样性的重要体现，也是首里城世界遗产的重要组成部分。"
43,建筑类,首里城,万国津梁之钟,1,"　　万国津梁之钟是琉球王国时期的著名铜钟，铸造于1458年，是琉球王国作为海洋贸易国家繁荣昌盛的历史见证。「万国津梁」意为「万国的桥梁」，指琉球王国是连接中国、日本、朝鲜与东南亚各国的贸易桥梁，体现了琉球王国作为海洋贸易国家的自豪与自信。
　　铜钟上铸有铭文，记载了琉球王国的繁荣与铸造铜钟的缘由，是研究琉球王国历史与对外贸易的珍贵第一手资料。万国津梁之钟最初悬挂于首里城附近的圆觉寺，用于寺院的法事与报时，琉球王国灭亡后，铜钟被移至他处，现收藏于冲绳县立博物馆。万国津梁之钟的铸造工艺精湛，钟体装饰有精美的纹样与铭文，是琉球金工艺术的代表作。
　　铜钟上的铭文明确记载了琉球王国「以舟楫为万国之津梁」的国家定位，生动反映了15世纪琉球王国在东亚与东南亚贸易中的重要地位，是研究琉球海洋贸易史、对外关系史与金工艺术的珍贵实物资料，被誉为「琉球第一钟」，具有极高的历史与艺术价值。"
44,建筑类,首里城,西台,1,"　　西台是首里城内的重要建筑遗址，位于首里城的西部区域，是琉球王国宫廷建筑的组成部分。「台」在琉球建筑中指高出地面的平台或高台建筑，常用于瞭望、祭祀或礼仪活动，西台因位于首里城的西部而得名。
　　西台以琉球石灰岩砌筑，台基高大，台上原建有木造的楼阁或殿堂，是首里城西部区域的重要建筑。关于西台的具体功能，学术界有不同的观点，有学者认为是宫廷的瞭望台，用于观察城外的动静；有学者认为是祭祀场所，用于举行某些特定的宗教仪式；也有学者认为是王室的休憩场所，用于观赏西部的风景。西台在冲绳战役中被毁，仅存石砌的台基遗址，后经考古发掘与整理，作为历史遗址向公众展示。
　　西台遗址是研究琉球王宫建筑布局、宫廷生活与宗教仪式的重要考古资料，其台基的砌筑工艺体现了琉球石匠高超的技艺，是琉球石造建筑的重要遗存。西台的存在，丰富了我们对首里城空间布局与功能分区的认识，对于理解琉球王国的宫廷文化与建筑制度具有重要的学术价值。"
45,建筑类,首里城,系图座用物座,1,"　　系图座用物座是首里城内的重要官署建筑，位于首里城的核心区域附近，是琉球王国中央行政机构的组成部分。「系图座」是琉球王国负责管理王室族谱、贵族家系与户籍档案的官署，类似于中国的宗正寺或吏部的部分职能，负责记录与管理国王、王子、贵族与士族的家系谱系，是维护琉球封建等级制度的重要机构。
　　「用物座」是负责管理宫廷物资、仓库与出纳的官署，类似于中国的太府寺或户部的部分职能，负责宫廷的物资采购、仓储管理与分配发放。系图座与用物座合署办公，其建筑位于首里城的行政区域内，是琉球王国中央官制的重要物质体现。系图座用物座的建筑在冲绳战役中被毁，后经考古发掘，确认了其建筑基址的位置与规模，并进行了遗址展示。
　　系图座用物座遗址是研究琉球王国中央官制、行政制度与宫廷经济的重要考古资料，反映了中国官僚制度对琉球的深远影响，也是首里城作为政治中心的功能体现，对于理解琉球王国的政治制度与行政运作具有重要的学术价值。"
46,建筑类,首里城,下之御庭,1,"　　下之御庭是首里城内的重要庭院，位于正殿的南侧，是首里城核心宫殿区的重要组成部分。「御庭」是琉球对王宫庭院的称呼，下之御庭因位于正殿的南侧（下方）而得名，与正殿北侧的「上之御庭」相对应。
　　下之御庭是一个铺以红白方格地砖的开放庭院，是琉球王国举行重要宫廷仪式与庆典的场所，国王的即位大典、新年朝贺、册封使迎接仪式等最重要的国家典礼，均在下之御庭举行。庭院的红白方格地砖具有特殊的象征意义，红色代表王权与尊贵，白色代表纯洁与神圣，方格布局象征着秩序与等级。下之御庭的北侧是正殿，东侧是北殿，西侧是南殿，三面围合，形成了一个庄严的礼仪空间。
　　下之御庭在冲绳战役中被毁，后随首里城的整体复原工程得以重建，恢复了红白方格地砖的原貌。下之御庭是研究琉球宫廷礼仪、宫殿布局与政治文化的重要实物资料，是首里城作为政治与礼仪中心的核心空间，其庄严的布局与丰富的礼仪内涵，生动体现了琉球王国的政治制度与宫廷文化，具有极高的历史与文化价值。"
47,建筑类,首里城,右掖门,1,"　　右掖门是首里城正殿区域的重要侧门，位于正殿的右侧（东侧），是连接正殿区域与东部宫廷区域的重要通道。「掖门」是中国古代宫殿建筑中对正门两侧侧门的称呼，「掖」意为腋下，引申为旁边，右掖门即正殿右侧的旁门，这一建筑制度深受中国明代宫殿建筑制度的影响。
　　首里城正殿区域的布局模仿中国宫殿，正殿居中，两侧设有左掖门与右掖门，是官员与侍从进出正殿区域的日常通道，正门（奉神门）只在重要典礼时开启，日常通行多使用掖门。右掖门以琉球石灰岩砌筑的石垣为基座，上建木造门楼，屋顶铺以琉球赤瓦，建筑风格与首里城整体建筑风格保持一致，规模较正门略小，体现了等级差异。右掖门在冲绳战役中被毁，后随首里城的整体复原工程得以重建。
　　右掖门是研究琉球宫殿建筑制度、宫廷礼仪与中琉建筑文化交流的重要实物资料，其名称与形制直接来源于中国宫殿建筑制度，是琉球王国模仿中国制度建立宫廷建筑的生动例证，对于理解琉球宫殿的空间布局与礼仪功能具有重要的学术价值。"
48,建筑类,首里城,御庭与北殿南殿,1,"　　御庭与北殿南殿是首里城核心宫殿区的重要建筑群，以正殿为中心，北殿与南殿分列两侧，御庭位于正殿前方，共同构成了首里城最核心的礼仪与行政空间。御庭是铺以红白方格地砖的开放庭院，是举行国王即位、新年朝贺、册封使迎接等重要国家典礼的场所。
　　北殿位于正殿的北侧（左侧），是琉球王国处理日常政务、接待日本萨摩藩使节的场所，其建筑风格偏日本风格。南殿位于正殿的南侧（右侧），是接待中国册封使、举行儒学仪式的场所，其建筑风格偏中国风格。北殿与南殿的功能区分，反映了琉球王国在中日两大强邻之间灵活的外交策略与文化定位。
　　这一建筑群在冲绳战役中完全被毁，后经多年的考古发掘与史料研究，北殿与南殿于2010年代复原重建，御庭也恢复了红白方格地砖的原貌。御庭与北殿南殿是研究琉球宫殿布局、政治制度与对外关系的最重要实物资料，其「一殿两殿」的独特布局与功能区分，是琉球王国作为海洋贸易国家兼收并蓄、灵活务实的政治文化的生动体现，具有极高的历史与建筑艺术价值。"
49,建筑类,首里城,园比屋武御岳石门,1,"　　园比屋武御岳石门是首里城附近的重要宗教遗迹，位于首里城的西侧，是琉球世界遗产「琉球王国的城堡以及相关遗产群」的组成部分之一。园比屋武御岳是琉球王国最重要的御岳（宗教祭祀场所）之一，与首里森御岳、斋场御岳等并称为琉球的「七御岳」，是国家级别的祭祀圣地。
　　园比屋武御岳以一块巨大的天然岩石为核心，岩石前方建有一座以琉球石灰岩砌筑的拱门式石门，是进入御岳神圣空间的入口。石门的造型独特，采用了琉球特有的「拱券」砌筑技法，是琉球石造建筑的精品。在琉球王国时期，闻得大君（最高女性祭司）在此举行最重要的「御新下り」（神降）仪式，这是琉球王国最神圣的宗教仪式，象征着神灵降临、赐予国王神圣权力。
　　园比屋武御岳石门在冲绳战役中受损，后经修复恢复原貌。园比屋武御岳是研究琉球本土宗教、祭祀文化与神政合一政治制度的最重要实物资料，其独特的石门建筑与神圣的宗教内涵，是琉球原始宗教信仰的生动体现，具有极高的历史、宗教与建筑艺术价值。"
50,建筑类,首里城,正殿,2,"　　正殿是首里城的核心建筑，是琉球王国国王处理政务、举行国家典礼与日常生活的最重要宫殿，是琉球王国政治权力的中心象征。正殿始建于14世纪末，历经多次焚毁与重建，现存建筑为1992年复原的版本，2019年因火灾再次被毁，目前正在进行第二次复原，预计2026年完成。
　　正殿是一座二层木造建筑，融合了中国宫殿建筑、日本书院造与琉球本土建筑风格，屋顶铺以琉球赤瓦，屋脊饰有龙头雕与四爪龙装饰，外观以朱漆涂抹，金碧辉煌，庄严华丽。正殿一层是国王处理日常政务与举行仪式的场所，设有御差床（王座）、御椅子（国王御座）等礼仪设施；二层是国王的私人空间与供奉祖先的场所。正殿前方是下之御庭，两侧是北殿与南殿，共同构成了首里城的核心宫殿区。
　　正殿是琉球王国最高权力的象征，也是琉球建筑艺术的最高成就，其多元融合的建筑风格正是琉球王国作为海洋贸易国家兼收并蓄文化特质的集中体现，具有不可替代的历史、文化与建筑艺术价值，是冲绳最重要的历史文化象征。"
51,教育与文献典籍类,古籍与教材,六谕衍义,2,"　　《六谕衍义》是琉球王国时期最重要的儒学启蒙教材之一，由中国明末清初的学者范鋐编撰，后经琉球学者传入琉球，成为琉球王国儒学教育的核心教材。「六谕」源自明太祖朱元璋颁布的「圣谕六言」，即「孝顺父母、尊敬长上、和睦乡里、教训子孙、各安生理、毋作非为」，是中国封建社会最基本的道德教化纲领。
　　《六谕衍义》对这六条道德训令进行了详细的阐释与发挥，结合历史故事与民间谚语，深入浅出地讲解儒家伦理道德，非常适合作为启蒙教材。琉球王国在17世纪将《六谕衍义》列为国学与乡学的必修教材，由久米村的华裔学者讲授，对琉球的儒学传播与道德教化产生了深远影响。琉球学者还将《六谕衍义》译为琉球语，在民间广泛传播，使其成为琉球庶民阶层的道德读本。
　　《六谕衍义》在琉球的传播与影响，是中琉文化交流的重要篇章，反映了儒学在琉球的深入传播与本土化，是研究琉球教育史、思想史与中琉文化交流的珍贵文献资料，具有重要的历史与学术价值。"
52,教育与文献典籍类,史料典籍,德川幕府琉球往复书翰,1,"　　德川幕府琉球往复书翰是日本江户时代德川幕府与琉球王国之间往来的官方文书汇编，是研究琉日关系与东亚外交史的珍贵第一手资料，属重要文化财。琉球王国在1609年日本萨摩藩入侵后，被迫同时向中国明朝（后为清朝）与日本萨摩藩（后为德川幕府）朝贡，形成了「两属」的特殊国际地位。
　　德川幕府琉球往复书翰收录了17世纪至19世纪德川幕府与琉球王国之间往来的大量官方文书，包括幕府将军致琉球国王的书翰、琉球国王致幕府将军的书翰、以及双方关于贸易、外交、礼仪等事务的交涉文书。这些文书详细记录了琉日之间的政治关系、贸易往来、礼仪制度与文化交流，是研究琉球王国「两属」外交体制的最重要原始资料。书翰的格式与措辞反映了双方在外交礼仪上的微妙关系，对于理解琉球王国在东亚国际秩序中的特殊地位具有重要价值。
　　德川幕府琉球往复书翰现收藏于东京国立博物馆等机构，是研究日本江户时代对外关系、琉球王国史与东亚国际秩序的珍贵文献，具有极高的历史与学术价值。"
53,教育与文献典籍类,史料典籍,皇清职贡图,2,"　　《皇清职贡图》是清代乾隆年间官方编纂的大型民族与外国人物图录，是研究清代中外关系与民族文化的珍贵图像文献。乾隆十六年（1751年），乾隆帝下令编纂《皇清职贡图》，由宫廷画师丁观鹏、金廷标等绘制，记录了清朝境内各少数民族及海外朝贡国的人物形象、服饰习俗与地理物产。
　　《皇清职贡图》共九卷，其中第一卷收录了朝鲜、琉球、安南、暹罗等朝贡国的人物图像，琉球部分绘制了琉球国王、王妃、官员、士族、平民、渔民等不同阶层的人物形象，详细描绘了琉球人的服饰、发式、器物与生活习俗，是研究琉球服饰文化与社会生活的珍贵图像资料。《皇清职贡图》中的琉球人物图像，是清代宫廷画师根据琉球使节在京期间的实际观察绘制的，具有很高的真实性与准确性，弥补了琉球本土图像资料的不足。
　　《皇清职贡图》不仅是一部艺术价值极高的宫廷绘画作品，更是研究清代中外关系、朝贡制度与琉球历史文化的珍贵第一手图像资料，对于理解清代的世界观与琉球在清代朝贡体系中的地位具有重要的历史与学术价值。"
54,教育与文献典籍类,史料典籍,琉球产物志,1,"　　《琉球产物志》是琉球王国时期编纂的地方志类文献，详细记录了琉球群岛的物产资源、地理环境与经济生活，是研究琉球经济史与自然地理的珍贵文献资料。《琉球产物志》的编纂深受中国地方志传统的影响，仿照中国方志「物产篇」的体例，分门别类地记录了琉球各地的农产品、海产品、矿物、动植物、手工业品等各类物产，包括谷物、蔬菜、水果、鱼类、贝类、珊瑚、硫磺、漆器、红型、三线等琉球特有的物产与工艺品。
　　书中不仅记录了物产的名称与产地，还详细描述了其形态、用途、采集方法与制作工艺，是研究琉球传统经济与技术的珍贵资料。《琉球产物志》的编纂与琉球王国的朝贡贸易密切相关，琉球需要向中国与日本进贡各类特产，同时也将这些特产作为贸易商品销往东亚各国，《琉球产物志》为这些朝贡与贸易活动提供了详细的物产信息。
　　《琉球产物志》是研究琉球经济史、自然地理、传统工艺与朝贡贸易的重要文献，反映了琉球王国对自身资源与经济的系统认识，对于理解琉球作为海洋贸易国家的经济基础具有重要的学术价值。"
55,教育与文献典籍类,史料典籍,球阳,1,"　　《球阳》是琉球王国的官方编年体史书，是琉球最重要的历史文献之一，与《中山世谱》并称为琉球两大正史。「球阳」意为「琉球的太阳」，「球」指琉球，「阳」指太阳，寓意琉球王国如太阳般永恒。
　　《球阳》由琉球王国的摄政尚弘德（向象贤）于1650年开始编纂，后经多次续修，记载了从琉球王国传说时代至19世纪的历史，是研究琉球历史的最基本史料。《球阳》采用编年体体例，以琉球国王的世系为纲，逐年记载了琉球王国的政治、经济、军事、外交、文化、宗教等各方面的重大事件，包括国王的即位与葬礼、与中国和日本的外交关系、萨摩藩的入侵与统治、民间的叛乱与灾异、宫廷的仪式与庆典等。《球阳》的编纂深受中国正史（如《史记》《资治通鉴》）的影响，采用了中国传统的史学体例与史学观念，同时也融入了琉球本土的历史记忆与文化特色。
　　《球阳》是研究琉球历史的最权威文献，几乎所有关于琉球历史的研究都以《球阳》为基本史料，具有不可替代的历史与学术价值，是琉球文化遗产中最重要的文献之一。"
56,教育与文献典籍类,史料典籍,使琉球录,3,"　　《使琉球录》是明代嘉靖年间册封使陈侃撰写的出使琉球记录，是中国历代册封使录中最早、最重要的一部，也是研究中琉关系与琉球历史的珍贵第一手资料。嘉靖十三年（1534年），陈侃以给事中的身份被任命为册封使，前往琉球册封尚清王，归国后撰写了《使琉球录》，详细记录了出使的全过程。
　　《使琉球录》内容丰富，包括册封使的任命与准备、从福建福州出发的海上航行路线与航海技术、琉球的地理环境与港口、琉球国王的册封仪式、琉球的政治制度与社会风俗、琉球的物产与贸易、以及归途的航行情况等。书中对钓鱼岛（钓鱼屿）、黄尾屿、赤尾屿等岛屿的记载，是中国对这些岛屿拥有主权的重要历史证据。《使琉球录》开创了中国册封使撰写出使记录的传统，此后历代册封使多仿照其体例撰写使录，如萧崇业《使琉球录》、夏子阳《使琉球录》、汪楫《使琉球杂录》、徐葆光《中山传信录》、周煌《琉球国志略》等，形成了一个庞大的「使琉球录」文献系列。
　　陈侃《使琉球录》是这一系列的开山之作，具有极高的历史与学术价值，是研究中琉关系、琉球历史、航海技术与海洋主权的珍贵文献。"
57,教育与文献典籍类,史料典籍,中山传信录,2,"　　《中山传信录》是清代康熙年间册封使徐葆光撰写的出使琉球记录，是历代册封使录中内容最丰富、考证最精详的一部，也是研究琉球历史与中琉关系的集大成之作。康熙五十八年（1719年），徐葆光以翰林院编修的身份被任命为册封使，前往琉球册封尚敬王，在琉球逗留八个月，归国后撰写了《中山传信录》。
　　徐葆光在琉球期间，广泛搜集琉球的历史文献与地理资料，与琉球学者进行深入交流，对琉球的历史、地理、政治、经济、文化、风俗进行了系统的考证与记录。《中山传信录》共六卷，内容包括琉球的历史沿革、地理疆域、山川岛屿、政治制度、官职品级、礼仪风俗、服饰器物、物产贸易、语言文字、宗教信仰等，几乎涵盖了琉球社会的各个方面。书中附有详细的琉球地图与人物图，是研究琉球历史地理的珍贵图像资料。
　　《中山传信录》以其考证精详、内容丰富而被誉为「使琉球录之冠」，是研究琉球历史与中琉关系的最权威文献之一，对后世的琉球研究产生了深远影响，具有极高的历史与学术价值。"
58,艺术类,工艺,茶库竹栉,2,"　　茶库与竹栉是琉球传统的日用工艺品，分别为茶叶储存器与梳理头发的梳子，体现了琉球传统工艺的实用性与审美性。茶库是琉球传统的茶叶储存容器，多以木、竹或陶瓷制成，造型简洁实用，具有良好的密封性，用于储存琉球本地出产的茶叶。
　　琉球的茶文化受中国影响深远，饮茶是琉球贵族与士族日常生活的重要组成部分，茶库是茶道器具的重要组成部分。竹栉是以竹子为材料制作的梳子，琉球盛产竹子，竹制工艺发达，竹栉的制作需经选竹、切割、打磨、雕刻等多道工序，梳齿细密均匀，梳背光滑圆润，部分高级竹栉还雕刻有花卉、几何等装饰纹样。竹栉是琉球女性日常梳理头发的必备用具，不同等级的女性使用不同材质与装饰的梳子，贵族女性多用高级竹栉或鼈甲、金、银等材质的梳子，平民女性则多用普通竹栉。
　　茶库与竹栉虽然是日常用品，但其制作工艺体现了琉球工匠对材料特性的深刻理解与精湛技艺，是研究琉球传统生活文化与日用工艺的重要实物资料，反映了琉球人在日常生活中追求实用与审美统一的文化特质。"
59,艺术类,工艺,茶盆藤盆,2,"　　茶盆与藤盆是琉球传统的编织工艺品，分别为木制茶盘与藤编盆器，是琉球传统工艺中实用性与艺术性完美结合的代表。茶盆是琉球茶道中使用的茶盘，多以琉球特产的硬木制成，盘面平整，边缘微翘，部分高级茶盆还施以黑漆或朱漆，并镶嵌螺钿装饰，造型简洁优雅，是琉球茶道器具的重要组成部分。
　　琉球的茶文化受中国福建地区影响深远，饮茶是贵族与士族日常生活的重要内容，茶盆在茶道仪式中用于摆放茶具与承接废水，是不可或缺的器具。藤盆是以琉球群岛盛产的藤条编织而成的盆器，琉球的藤编工艺历史悠久，工匠利用藤条的柔韧性，编织出各种造型与纹样的盆器、篮子、箱子等日用品。藤盆的编织工艺精湛，纹样丰富，有几何纹、花卉纹、波浪纹等多种图案，既实用又美观，是琉球庶民家庭中常见的日用器具。
　　茶盆与藤盆分别代表了琉球木作工艺与藤编工艺的高超水平，是研究琉球传统工艺、茶文化与日常生活的重要实物资料，反映了琉球人利用本土材料创造美好生活的智慧与审美，具有重要的历史与艺术价值。"
60,艺术类,工艺,巾着,1,"　　巾着是琉球传统的布袋或荷包，是琉球人随身携带的小型袋状物，用于存放钱币、印章、香料、小物件等物品，是琉球传统服饰的重要配饰之一。巾着的名称源于其使用方式，「巾」指布帛，「着」指附着，即附着在腰带上的布袋。
　　琉球巾着的形制与日本本土的巾着既有联系又有区别，多以棉布、麻布或丝织物制成，袋口穿有细绳，拉紧绳口即可封闭袋口，使用方便。巾着的面料多饰有红型染纹样或刺绣，色彩鲜艳，纹样丰富，有花卉纹、几何纹、瑞云纹等多种图案，是琉球红型染工艺在日用配饰上的应用体现。巾着通常系在腰带（带）上，悬挂于腰间，既是实用的储物袋，也是服饰的重要装饰，不同等级与身份的人使用不同材质与装饰的巾着，贵族与士族多用高级丝织物或红型染面料制作的巾着，平民则多用棉布或麻布制作的素色巾着。
　　巾着是研究琉球传统服饰、配饰文化与红型染工艺的重要实物资料，反映了琉球人在日常生活中追求实用与审美统一的文化特质，也是琉球服饰文化多样性的生动体现，具有重要的历史与艺术价值。"
61,艺术类,工艺,金银指轮,2,"　　金银指轮是琉球传统的金工工艺品，即以黄金与白银制作的戒指，是琉球贵族与士族阶层喜爱的配饰，也是琉球金工艺术的重要代表。琉球的金工工艺受中国与日本的双重影响，发展出了独特的琉球风格，金银指轮是其中最具代表性的品类之一。
　　金指轮以纯金或金合金制成，色泽温润华贵，是高级贵族的专属配饰；银指轮以纯银制成，色泽明亮素雅，是一般士族与富裕平民的常用配饰。金银指轮的造型丰富多样，有素面圈形、花纹装饰、宝石镶嵌等多种样式，部分高级指轮还雕刻有龙纹、凤纹、花卉纹、几何纹等装饰纹样，工艺精湛，造型优美。琉球人佩戴指轮不仅是为了装饰美观，也具有身份象征与祈福辟邪的文化意义，不同的纹样与材质代表着不同的身份等级与美好祈愿。
　　金银指轮的制作需经熔金、锻打、成型、雕刻、抛光等多道工序，体现了琉球金工匠高超的技艺水平。金银指轮是研究琉球金工工艺、服饰配饰文化与社会等级制度的重要实物资料，反映了琉球贵族与士族的审美趣味与生活方式，也是中琉日金工文化交流的实物见证，具有重要的历史与艺术价值。"
62,艺术类,工艺,菊雕贝笛,1,"　　菊雕贝笛是琉球传统的吹奏乐器与工艺品，以贝壳为材料，雕刻菊花纹样并制成可吹奏的笛子，是琉球工艺中独特的贝雕艺术品。琉球群岛四面环海，贝类资源丰富，贝雕工艺在琉球有着悠久的历史，工匠利用各种贝壳的天然形态与美丽纹理，制作出各种实用器具与装饰艺术品。
　　菊雕贝笛以大型海螺或贝壳为材料，经过切割、打磨、雕刻、钻孔等多道工序制成，笛身雕刻有精美的菊花纹样，菊花是琉球文化中象征高洁与长寿的吉祥花卉，贝笛上的菊雕纹样既具有装饰功能，也蕴含着美好的文化寓意。贝笛的吹奏方式类似于中国的埙或日本的法螺贝，通过吹口与指孔的配合，可以吹奏出悠扬的乐音，在琉球的宗教仪式与民俗活动中使用。菊雕贝笛将乐器的实用性与贝雕的艺术性完美结合，是琉球传统工艺中独具特色的品类，体现了琉球工匠利用海洋材料创造艺术品的智慧与技艺。
　　菊雕贝笛是研究琉球传统乐器、贝雕工艺与海洋文化的重要实物资料，反映了琉球作为海洋国家独特的工艺传统与文化特质，具有重要的历史与艺术价值。"
63,艺术类,工艺,琉球雏,1,"　　琉球雏是琉球传统的人偶工艺品，是日本雏人形（女儿节人偶）在琉球的本土化变体，体现了中日文化在琉球的融合与创新。「雏」在日语中指人偶，雏人形是日本女儿节（3月3日）供奉的人偶，这一习俗在琉球王国时期传入琉球，并与琉球本土的人偶工艺与服饰文化相结合，发展出了独特的琉球雏。
　　琉球雏的造型与日本雏人形有明显区别，人偶的服饰采用琉球传统的红型染织物，色彩鲜艳，纹样丰富，发式与面部特征也具有琉球人的特点，体现了琉球本土的审美趣味。琉球雏多为男女一对，分别穿着琉球贵族的男女礼服，置于特制的雏段（阶梯式陈列台）上，在女儿节期间供奉，祈求女孩健康成长、幸福平安。琉球雏的制作工艺复杂，需经人偶头部制作、身体塑形、服饰缝制、配饰制作等多道工序，高级琉球雏的服饰还使用真正的红型染与金工配饰，工艺精湛，是琉球传统工艺的集大成之作。
　　琉球雏是研究琉球民俗文化、传统工艺与中日文化交流的重要实物资料，反映了琉球在吸收外来文化基础上进行本土化创新的文化特质，是琉球文化多样性的生动体现，具有重要的历史与艺术价值。"
64,艺术类,工艺,马槛船模型,2,"　　马槛船模型是琉球王国时期远洋贸易船的比例模型，是研究琉球造船技术与海洋贸易史的珍贵实物资料。「马槛船」是琉球王国时期的主要远洋贸易船型，因船上设有类似马厩（槛）的舱室而得名，是琉球王国与中国、日本、朝鲜、东南亚各国进行朝贡贸易与民间贸易的主要交通工具。
　　琉球王国是14至17世纪东亚与东南亚海洋贸易的重要中转国，以舟楫为万国之津梁，马槛船是这一海洋贸易帝国的物质基础。马槛船模型按照真实船只的比例缩小制作，详细再现了马槛船的船体结构、帆装、舵具、锚具等部件，是研究琉球造船技术的珍贵资料。马槛船的造船技术深受中国福建造船技术的影响，同时也融入了琉球本土的技术创新与东南亚造船技术的元素，形成了独特的琉球船型。
　　马槛船模型多为当时的工匠或船员制作，用于纪念航海经历或作为航海安全的祈福物，部分模型还被供奉在寺院中，祈求海上平安。马槛船模型是研究琉球海洋贸易史、造船技术史与航海文化的重要实物资料，生动见证了琉球王国作为海洋贸易国家的辉煌历史，是琉球海洋文化的重要象征，具有极高的历史与学术价值。"
65,艺术类,工艺,日伞,1,"　　日伞是琉球传统的遮阳用伞，是琉球贵族与士族女性外出时使用的礼仪用伞，也是琉球传统工艺中纸伞工艺的代表作品。日伞与中国的油纸伞、日本的和伞既有渊源又有区别，是琉球在吸收外来伞工艺基础上发展出的本土样式。
　　日伞以竹为骨架，以和纸或棉布为伞面，伞面多饰有红型染纹样或彩绘图案，色彩鲜艳，纹样丰富，伞柄以黑漆或朱漆涂抹，部分高级日伞还镶嵌螺钿装饰，造型轻盈优雅。日伞在琉球不仅是遮阳避雨的实用器具，更是身份与礼仪的象征，贵族与士族女性外出时，由侍从撑日伞随行，彰显其尊贵身份。在琉球王国的宫廷仪式与庆典中，日伞也是重要的仪仗器物，与両天伞、神扇等共同组成庄严的仪仗队伍。
　　日伞的制作需经竹骨制作、伞面裱糊、绘画装饰、涂漆防水等多道工序，工艺复杂，体现了琉球工匠高超的技艺水平。日伞是研究琉球传统工艺、服饰礼仪与社会等级制度的重要实物资料，反映了琉球贵族的生活方式与审美趣味，也是中琉日工艺文化交流的实物见证，具有重要的历史与艺术价值。"
66,艺术类,工艺,扇,1,"　　扇是琉球传统的工艺品与礼仪用器，包括折扇与团扇两大类，是琉球贵族与士族日常生活与礼仪活动中不可或缺的器物。琉球的扇工艺受中国与日本的双重影响，发展出了独特的琉球风格。
　　折扇（桧扇）以木片或竹片为骨，以纸或绢为面，扇面多饰有彩绘或金泥绘的花卉、山水、人物等纹样，展开呈半圆形，收拢呈长条状，便于携带。团扇（うちわ）以竹为骨架，以纸或绢为面，呈圆形或椭圆形，扇面多饰有红型染纹样或彩绘，是夏季纳凉的常用器具。扇在琉球不仅是实用的纳凉器具，更是重要的礼仪与舞蹈道具，在宫廷仪式、册封使迎接、传统舞踊表演中，扇是不可或缺的道具，舞者手持折扇，配合优雅的舞姿，表达丰富的情感与意境。
　　高级扇的制作工艺复杂，扇骨的雕刻、扇面的绘画、扇柄的装饰均需高超的技艺，部分高级扇还使用金箔、螺钿等珍贵材料装饰，是琉球传统工艺的精品。扇是研究琉球传统工艺、宫廷礼仪、舞蹈艺术与社会生活的重要实物资料，反映了琉球贵族的审美趣味与文化生活，也是中琉日文化交流的实物见证，具有重要的历史与艺术价值。"
67,艺术类,工艺,算盘,1,"　　算盘是琉球传统的计算工具，是中国算盘传入琉球后发展出的本土变体，是研究琉球数学史、商业史与中琉科技交流的重要实物资料。算盘是中国古代发明的计算工具，大约在14至15世纪随中琉贸易与文化交流传入琉球，成为琉球王国商业贸易与财政管理的重要计算工具。
　　琉球算盘的形制与中国算盘基本一致，以木为框，内贯直柱（档），档上穿以木珠（算珠），通过算珠的上下移动进行加减乘除运算。与中国算盘相比，琉球算盘在尺寸、算珠数量与使用习惯上略有不同，体现了本土化的特征。琉球王国的商业贸易发达，需要进行大量的数值计算，算盘是商人与官员必备的计算工具，在朝贡贸易、税收管理、土地丈量等经济活动中广泛使用。琉球的国学与乡学中也设有算术课程，教授算盘的使用方法，培养了大批掌握计算技能的人才。
　　琉球算盘的传入与使用，大大提高了琉球的计算效率与商业管理水平，对琉球的经济发展与社会进步产生了重要影响。算盘是研究琉球数学史、商业史、教育史与中琉科技交流的重要实物资料，反映了中国古代科技文明对琉球的深远影响，也是琉球作为海洋贸易国家商业繁荣的物质见证，具有重要的历史与学术价值。"
68,艺术类,绘画,琉球八景,8,"　　《琉球八景》是日本江户时代著名浮世绘大师葛饰北斋创作的系列风景画，共八幅，描绘了琉球王国（今冲绳）的八处著名景观，是北斋晚年的代表作之一，也是研究琉球历史地理与日本浮世绘艺术的珍贵资料。琉球八景的题材源自中国「潇湘八景」的文化传统，琉球王国在接受中国文化影响后，也发展出了自己的「八景」文化，选取琉球的八处著名景观，分别命名为中城晚霞、金岳暮雪、系满夜月、读谷山晴岚、奥武山秋雨、万座毛落雁、平敷屋归帆、恩纳海风。
　　葛饰北斋以其独特的浮世绘技法，将琉球的亚热带风光与日本传统的风景画艺术相结合，画面色彩鲜明，构图大胆，既有琉球的异域风情，又有日本浮世绘的艺术魅力。《琉球八景》创作于19世纪初，当时琉球王国虽然已被萨摩藩控制，但仍作为独立的王国存在，对日本民众来说充满了异域风情与神秘感，北斋的这一系列作品正是这种文化想象的艺术体现。
　　《琉球八景》不仅是艺术价值极高的浮世绘名作，更是研究琉球历史地理、景观文化与日琉文化交流的珍贵图像资料，具有极高的艺术与历史价值。"
69,艺术类,绘画,琉球风俗图,3,"　　《琉球风俗图》是描绘琉球王国时期社会生活与风俗习惯的系列绘画作品，是研究琉球社会史、民俗学与物质文化的珍贵图像资料。琉球风俗图多由日本江户时代的画家或琉球本土的画家创作，以写实的手法描绘了琉球社会各阶层的日常生活，包括士族与平民的服饰、发式、居住环境、生产劳动、节庆仪式、宗教信仰、饮食娱乐等各个方面。
　　画面中既有士族贵族的优雅生活，也有平民百姓的劳作场景，既有宫廷仪式的庄严场面，也有民间节庆的欢乐氛围，全面而生动地再现了琉球王国时期的社会生活图景。琉球风俗图的创作与日琉之间的文化交流密切相关，江户时代的日本民众对琉球的风俗习惯充满好奇，琉球风俗图正是满足这种文化好奇心的艺术产品，同时也为后世留下了珍贵的民俗图像记录。与文字文献相比，风俗图以直观的图像方式记录了大量难以用文字描述的物质文化细节，如服饰的纹样与色彩、器物的造型与使用方式、建筑的结构与布局等，是研究琉球物质文化不可或缺的第一手资料。
　　《琉球风俗图》是研究琉球社会史、民俗学、物质文化与日琉文化交流的珍贵图像资料，具有极高的历史与艺术价值。"
70,艺术类,绘画,琉球服饰图,3,"　　《琉球服饰图》是专门描绘琉球王国时期各阶层服饰制度与穿着方式的系列绘画作品，是研究琉球服饰文化与社会等级制度的珍贵图像资料。琉球服饰图多由日本江户时代的画家或琉球本土的画家创作，以写实的手法详细描绘了琉球国王、王子、贵族、士族、平民等不同阶层的男女服饰，包括冠帽、上衣、下裳、腰带、鞋履、配饰等各个部件，以及不同场合（如礼服、常服、祭服、舞服）的穿着方式。
　　画面中不仅描绘了服饰的外观形态，还详细标注了服饰的名称、材质、色彩、纹样与穿着方法，是研究琉球服饰制度的系统资料。琉球服饰制度深受中国明代服饰制度的影响，同时也融入了日本与东南亚的服饰元素，形成了独特的琉球服饰体系，服饰的材质、色彩、纹样与配饰都有严格的等级区分，是琉球封建等级制度的物质体现。《琉球服饰图》系统地记录了这一复杂的服饰体系，弥补了文字文献描述不够直观的不足，为研究琉球服饰文化提供了不可替代的图像证据。
　　与红型染织物等实物资料相比，服饰图展示了服饰的穿着方式与整体效果，是理解琉球服饰文化不可或缺的资料。《琉球服饰图》是研究琉球服饰史、社会等级制度、物质文化与中琉日文化交流的珍贵图像资料，具有极高的历史与艺术价值。"
71,艺术类,绘画,琉球国奇观,1,"　　《琉球国奇观》是日本江户时代描绘琉球王国奇异景观与风俗的绘画作品，是研究琉球历史地理、民俗文化与日琉文化交流的珍贵图像资料。「奇观」意为奇异的景观，《琉球国奇观》以猎奇的视角描绘了琉球王国的自然景观、建筑风貌、风俗习惯与奇闻异事，反映了江户时代日本民众对琉球这个「异国」的想象与好奇。
　　画面中既有首里城、守礼门等著名建筑的宏伟景象，也有琉球人独特的服饰、发式与生活习俗，还有琉球特有的动植物与物产，内容丰富，画面生动。《琉球国奇观》的创作与江户时代日本的「琉球热」密切相关，当时琉球作为日本的附属国同时又是中国的朝贡国，其独特的文化与政治地位使其成为日本民众想象中的「异国」，大量以琉球为题材的绘画、书籍与戏剧应运而生，《琉球国奇观》正是这一文化潮流的产物。虽然其中部分内容带有猎奇与想象的成分，并非完全写实，但仍为研究琉球的历史地理与民俗文化提供了珍贵的图像资料，也反映了日琉之间复杂的文化关系。
　　《琉球国奇观》是研究琉球历史地理、民俗文化、日本对琉球的文化想象与日琉文化交流的珍贵图像资料，具有重要的历史与艺术价值。"
72,艺术类,绘画,琉球来聘使登营图,1,"　　《琉球来聘使登营图》是日本江户时代描绘琉球王国使节访问日本萨摩藩或江户幕府场景的绘画作品，是研究琉日外交关系、宫廷礼仪与物质文化的珍贵图像资料。「来聘使」指前来访问的外交使节，「登营」指使节抵达并进入日本方面的营地或官邸。
　　琉球王国在1609年萨摩藩入侵后，被迫向日本萨摩藩（后为江户幕府）朝贡，定期派遣使节前往日本，进行朝贡、庆贺、谢恩等外交活动，《琉球来聘使登营图》正是记录这些外交活动的绘画作品。画面详细描绘了琉球使节团的组成、服饰、仪仗、礼物，以及日方的迎接仪式、接待礼仪、宴会场景等，生动再现了琉日外交活动的全过程。琉球使节的服饰采用琉球传统的红型染礼服与王冠，仪仗器物也具有琉球特色，与日方的服饰与礼仪形成鲜明对比，是研究琉球服饰、器物与礼仪制度的珍贵图像资料。
　　《琉球来聘使登营图》不仅是艺术价值很高的绘画作品，更是研究琉日外交关系、册封朝贡制度、宫廷礼仪与物质文化的第一手图像资料，对于理解琉球王国在东亚国际秩序中的特殊地位（同时向中国与日本朝贡的「两属」体制）具有重要的历史与学术价值。"
73,艺术类,绘画,琉球人来朝图,1,"　　《琉球人来朝图》是日本江户时代描绘琉球王国使节前往日本江户（今东京）谒见幕府将军场景的大型绘画作品，是研究琉日外交关系、宫廷礼仪与琉球文化的珍贵图像资料。「来朝」指前来朝见，琉球王国在1609年萨摩藩入侵后，被迫定期派遣使节前往江户，谒见幕府将军，进行朝贡与庆贺活动，这一制度被称为「上江户」，是琉球王国对日本外交的重要组成部分。
　　《琉球人来朝图》以宏大的画面详细描绘了琉球使节团从琉球出发、抵达日本、前往江户、谒见将军、参加宴会、归国的全过程，包括使节团的人员组成、服饰仪仗、礼物清单、行进路线、迎接仪式、谒见礼仪、宴会场景等，内容极为丰富。琉球使节的服饰采用琉球传统的红型染礼服、玉冠、金簪等，仪仗器物也具有鲜明的琉球特色，与日本的服饰礼仪形成鲜明对比，是研究琉球物质文化的珍贵图像资料。
　　《琉球人来朝图》不仅是艺术价值极高的绘画作品，更是研究琉日外交关系、朝贡制度、宫廷礼仪、琉球物质文化与东亚国际秩序的第一手图像资料，对于理解琉球王国「两属」外交体制的运作方式与文化内涵具有不可替代的历史与学术价值。"
74,艺术类,绘画,琉球人乐器冠服图,1,"　　《琉球人乐器冠服图》是日本江户时代描绘琉球王国宫廷乐师的乐器、冠帽与服饰的专门绘画作品，是研究琉球宫廷音乐、服饰制度与中琉日文化交流的珍贵图像资料。这幅作品以写实的手法，详细描绘了琉球宫廷乐师所使用的各种乐器（如三线、胡弓、太鼓、笛、筝等）、所佩戴的冠帽（如玉冠、王子冠、皮弁冠等）、以及所穿着的礼服（如红型染上衣、裙カカン等），并配有详细的文字说明，标注了各种器物的名称、材质、尺寸与使用方法。
　　琉球宫廷音乐是琉球王国宫廷艺术的重要组成部分，深受中国宫廷音乐与日本雅乐的影响，同时融入了琉球本土的音乐元素，形成了独特的琉球宫廷音乐体系，在国王即位、册封使迎接、新年朝贺等重要典礼中演奏。《琉球人乐器冠服图》系统地记录了这一音乐体系所使用的乐器与服饰，是研究琉球宫廷音乐不可多得的图像资料。与单纯的乐器或服饰资料相比，这幅作品将乐器、冠服与乐师的演奏姿态结合在一起，展示了宫廷音乐表演的整体效果，对于理解琉球宫廷艺术的表演形式与文化内涵具有重要价值。
　　《琉球人乐器冠服图》是研究琉球宫廷音乐、服饰制度、宫廷礼仪与中琉日文化交流的珍贵图像资料，具有极高的历史与艺术价值。"
75,艺术类,漆器,黒漆云龙螺钿大盆,1,"　　黒漆云龙螺钿大盆是琉球漆器的代表作之一，以黑漆为地，以螺钿工艺镶嵌云龙纹样，是琉球漆艺中螺钿技法的精品。琉球漆器是琉球王国最具代表性的传统工艺之一，受中国漆器工艺影响深远，同时融入了琉球本土的审美与技术，形成了独特的琉球漆艺风格。
　　黒漆云龙螺钿大盆以木为胎，经多次髹漆形成厚实的黑漆地，漆面乌黑光亮，质感温润。螺钿工艺是将夜光蝾螺、鲍鱼贝等贝类的内壳打磨成薄片，切割成龙纹与云纹的形状，镶嵌于漆面之上，贝壳的虹彩光泽与黑漆的深沉底色形成鲜明对比，华丽而不失庄重。龙纹是琉球王室的专属纹样，象征王权与尊贵，云龙纹组合寓意王权天授、君临万国。这件大盆体型硕大，工艺精湛，是琉球王国宫廷使用的重要礼器或陈设器，用于宫廷仪式、宴会或册封使接待等重要场合。
　　琉球漆器在王国时期由王室设立的「贝摺奉行所」专门管理生产，是琉球对外贸易的重要商品，远销中国、日本与东南亚。黒漆云龙螺钿大盆是研究琉球漆艺、螺钿工艺、宫廷礼器与中琉文化交流的重要实物资料，体现了琉球漆艺的最高水平，具有极高的历史与艺术价值。"
76,艺术类,漆器,金地青贝葡萄栗鼠小箱,1,"　　金地青贝葡萄栗鼠小箱是琉球漆器的精品之作，以金漆为地，以青贝（螺钿）镶嵌葡萄与栗鼠纹样，是琉球漆艺中螺钿与金地技法完美结合的代表作品。琉球漆器的「金地」技法是在漆地上敷以金粉或金箔，形成金碧辉煌的金色地子，再在其上进行螺钿镶嵌或彩绘装饰，工艺复杂，成本高昂，是琉球高级漆器的标志性技法。
　　金地青贝葡萄栗鼠小箱以木为胎，经髹漆、敷金形成金地，再以青贝（夜光贝的一种，色泽偏青蓝）镶嵌葡萄藤与栗鼠纹样，葡萄的果实、藤蔓与叶片均以贝片精细镶嵌，栗鼠的形态生动活泼，正攀援于葡萄藤间，画面充满生机与趣味。葡萄与栗鼠的组合寓意多子多孙、丰收富足，是东亚文化中常见的吉祥纹样。这件小箱体型小巧，工艺精湛，是琉球贵族用于存放首饰、香料或小物件的收纳器具，也是体现主人身份与品位的陈设品。
　　金地青贝葡萄栗鼠小箱是研究琉球漆艺、金地技法、螺钿工艺与贵族生活文化的重要实物资料，其华丽的金色地子与虹彩的青贝纹样相得益彰，体现了琉球漆艺追求华丽富贵的审美取向，具有极高的历史与艺术价值。"
77,艺术类,漆器,菊堆锦食笼,1,"　　菊堆锦食笼是琉球漆器中堆锦技法的代表作，以堆锦工艺装饰菊花纹样，是琉球漆艺中独具特色的食器。「堆锦」是琉球独有的漆器装饰技法，1715年由琉球工匠比嘉筑登之亲云上乘昌在中国加饰法的基础上创新发明，将颜料与透漆混合揉练成麻糬状的「堆锦饼」，按纹样形状切割后贴于漆面，形成立体的浮雕效果，色彩鲜艳，层次分明，极具装饰性。
　　菊堆锦食笼以木为胎，髹以朱漆或黑漆为地，再以堆锦技法装饰菊花纹样，菊花的花瓣层层叠叠，色彩由深至浅渐变，立体感强，栩栩如生。菊花在琉球文化中象征高洁与长寿，是常见的吉祥纹样，食笼上的菊纹既具装饰功能，也蕴含美好的文化寓意。食笼是琉球传统的盛放食物的器具，用于宫廷宴会、祭祀仪式或节庆活动，堆锦食笼因其华丽的装饰而成为高级礼器，仅在重要场合使用。
　　菊堆锦食笼是研究琉球漆艺、堆锦技法、食器文化与宫廷礼仪的重要实物资料，堆锦技法作为琉球独有的漆艺创新，体现了琉球工匠在吸收中国漆艺基础上的本土化创造，是琉球文化兼收并蓄、勇于创新的生动体现，具有极高的历史与艺术价值。"
78,艺术类,漆器,琉球螺钿蝴蝶纹盒,1,"　　琉球螺钿蝴蝶纹盒是琉球漆器中螺钿工艺的精美作品，以黑漆为地，以螺钿镶嵌蝴蝶纹样，是琉球漆艺中自然题材装饰的代表。琉球漆器的螺钿工艺受中国影响深远，但在纹样选择上融入了琉球本土的自然审美，蝴蝶、花卉、鸟类等自然题材是琉球螺钿漆器中常见的装饰纹样，体现了琉球人对自然之美的热爱。
　　琉球螺钿蝴蝶纹盒以木为胎，经多次髹漆形成厚实的黑漆地，再以夜光蝾螺、鲍鱼贝等贝类的内壳打磨成薄片，切割成蝴蝶的形状，镶嵌于漆面之上，蝴蝶的翅膀纹理以贝片的天然虹彩表现，在光线下呈现出变幻的色彩，栩栩如生，美丽动人。蝴蝶在琉球文化中象征美丽、自由与爱情，是深受喜爱的吉祥纹样，蝴蝶纹盒既是实用的收纳器具，也是寓意美好的装饰品。这件盒子造型规整，工艺精湛，是琉球贵族女性用于存放首饰、香料或化妆品的收纳盒，也是体现其审美品位与身份地位的随身器物。
　　琉球螺钿蝴蝶纹盒是研究琉球漆艺、螺钿工艺、女性文化与自然审美的重要实物资料，其精美的蝴蝶纹样与黑漆地子形成鲜明对比，体现了琉球漆艺追求华丽与自然之美的审美取向，是琉球传统工艺中兼具实用与审美价值的精品，具有重要的历史与艺术价值。"
79,艺术类,漆器,琉球青贝椿文盆,1,"　　琉球青贝椿文盆是琉球漆器中螺钿工艺的代表作品，以黑漆为地，以青贝镶嵌椿花（山茶花）纹样，是琉球漆艺中本土花卉题材的精品。椿花（山茶花）是琉球群岛最具代表性的花卉之一，冬季盛开，花色红艳，生命力顽强，深受琉球人民的喜爱，是琉球文化中象征坚韧、纯洁与吉祥的花卉，也是琉球漆器、红型染、绘画等艺术中常见的装饰纹样。
　　琉球青贝椿文盆以木为胎，髹以黑漆为地，再以青贝（夜光贝的一种，色泽偏青蓝，虹彩效果独特）镶嵌椿花纹样，椿花的花瓣、花蕊与枝叶均以贝片精细切割镶嵌，贝片的虹彩光泽在黑漆地子的衬托下格外绚丽，将椿花的美丽表现得淋漓尽致。这件盆器造型优雅，工艺精湛，是琉球宫廷或贵族用于盛放食物、果品或茶具的器具，也是重要的陈设品。青贝螺钿是琉球螺钿工艺中独具特色的品种，与普通的白贝螺钿相比，青贝的色泽更加冷艳，虹彩效果更加独特，是琉球高级螺钿漆器的标志。
　　琉球青贝椿文盆是研究琉球漆艺、青贝螺钿工艺、花卉文化与本土审美的重要实物资料，体现了琉球工匠对本土自然之美的艺术表达，具有极高的历史与艺术价值。"
80,艺术类,漆器,琉球朱漆沈金螺钿吸物椀,1,"　　琉球朱漆沈金螺钿吸物椀是琉球漆器中多种技法综合运用的精品，以朱漆为地，综合运用沈金与螺钿两种技法装饰，是琉球漆艺中食器类的代表作品。「吸物椀」是琉球（也是日本）传统的汤碗，用于盛放汤汁类食物，是琉球宫廷宴会与日常饮食中重要的食器。
　　这件吸物椀以木为胎，髹以朱漆为地，朱红色泽鲜艳温暖，是琉球漆器中最具代表性的底色之一。「沈金」是琉球漆器的重要装饰技法之一，以刻刀在漆面上雕刻出纹样，再将金箔或金粉填入刻痕，形成金色的纹样，线条流畅，金光闪闪，与朱漆地子形成华丽的对比。螺钿则以贝片镶嵌花卉或几何纹样，贝片的虹彩与沈金的金色交相辉映，使碗的装饰极为华丽丰富。
　　这件吸物椀综合运用了朱漆、沈金、螺钿三种技法，工艺复杂，装饰华丽，是琉球宫廷使用的高级食器，用于重要的宴会或仪式场合。琉球漆器的食器类作品存世量较少，这件朱漆沈金螺钿吸物椀是其中的精品，对于研究琉球漆艺、食器文化、宫廷饮食与多种漆艺技法的综合运用具有重要价值，体现了琉球漆艺追求华丽富贵、技法多元的艺术特色，具有极高的历史与艺术价值。"
81,艺术类,漆器,楼阁人物螺钿八角壶,1,"　　楼阁人物螺钿八角壶是琉球漆器中螺钿工艺的鸿篇巨制，以黑漆为地，以螺钿镶嵌楼阁人物纹样，器形为八角形，是琉球漆艺中体型最大、工艺最复杂的作品之一。这件八角壶以木为胎，造型为八方形的壶体，体型硕大，气势恢宏，是琉球王国宫廷的重要陈设器或礼器。
　　壶身以螺钿工艺镶嵌楼阁人物纹样，画面描绘了中国风格的亭台楼阁、山水庭院与人物活动，人物姿态各异，或对弈、或抚琴、或赏景、或交谈，生动再现了古代文人雅士的生活场景，是受中国山水画与人物画影响的装饰题材。螺钿镶嵌极为精细，楼阁的飞檐斗拱、人物的衣纹表情、山水的树木流水均以贝片精细切割镶嵌，贝片的虹彩光泽在黑漆地子的衬托下绚丽夺目，画面层次丰富，立体感强。八角形的器形在琉球漆器中较为少见，制作难度更大，体现了琉球工匠高超的造型能力。
　　楼阁人物螺钿八角壶是研究琉球漆艺、螺钿工艺、宫廷陈设器与中琉文化交流的重要实物资料，其宏大的器形、精细的螺钿与丰富的人物画面，代表了琉球漆艺的最高成就，是琉球漆器中不可多得的国宝级作品，具有极高的历史与艺术价值。"
82,艺术类,漆器,葡萄栗鼠螺钿箙,1,"　　葡萄栗鼠螺钿箙是琉球漆器中螺钿工艺的精美作品，以黑漆为地，以螺钿镶嵌葡萄与栗鼠纹样，「箙」是古代用于盛放箭矢的器具，这件螺钿箙是琉球王国宫廷或高级武士的礼仪用器。琉球漆器的螺钿工艺受中国影响深远，但在器物造型与纹样选择上融入了琉球本土的特色。
　　葡萄栗鼠螺钿箙以木为胎，经多次髹漆形成厚实的黑漆地，再以夜光蝾螺、鲍鱼贝等贝类的内壳打磨成薄片，切割成葡萄藤、葡萄果实与栗鼠的形状，镶嵌于漆面之上。葡萄的果实成串饱满，栗鼠攀援于葡萄藤间，姿态生动活泼，正欲摘取葡萄，画面充满生机与趣味。葡萄与栗鼠的组合寓意多子多孙、丰收富足，是东亚文化中常见的吉祥纹样。
　　「箙」作为盛箭器具，原本具有军事功能，但这件螺钿箙装饰极为华丽，已超出实用功能，成为宫廷礼仪或仪式中使用的礼器，象征武运长久与身份尊贵。葡萄栗鼠螺钿箙是研究琉球漆艺、螺钿工艺、礼仪用器与武家文化的重要实物资料，其精美的螺钿纹样与黑漆地子形成鲜明对比，体现了琉球漆艺追求华丽富贵的审美取向，也是中琉漆艺文化交流的实物见证，具有极高的历史与艺术价值。"
83,艺术类,漆器,清代黑漆嵌螺钿双龙戏珠长方攒盒,1,"　　清代黑漆嵌螺钿双龙戏珠长方攒盒是中国清代宫廷漆器的精品，以黑漆为地，以螺钿镶嵌双龙戏珠纹样，器形为长方形攒盒，是清代宫廷漆器中螺钿工艺的代表作品，现收藏于故宫博物院。这件长方攒盒以木为胎，经多次髹漆形成厚实的黑漆地，漆面乌黑光亮，质感温润。
　　盒面以螺钿工艺镶嵌双龙戏珠纹样，两条龙相对而舞，争夺中间的火焰宝珠，龙身蜿蜒矫健，龙鳞、龙须、龙爪均以贝片精细镶嵌，火焰宝珠与祥云纹环绕其间，画面气势恢宏，工艺精湛。「攒盒」是中国传统的盛放食品的器具，内部分为多个小格，可分别盛放不同的果品、点心或菜肴，是宫廷宴会或节庆活动中常用的食器。双龙戏珠纹样是中国皇家的专属纹样，象征皇权与尊贵，这件攒盒应为清代宫廷使用的高级食器或礼器。
　　这件清代宫廷漆器与琉球漆器在工艺上有密切的渊源关系，琉球的螺钿漆器工艺正是受中国清代漆器的影响而发展起来的，二者在技法、纹样与审美上既有联系又有区别，是研究中琉漆艺文化交流的重要对比资料。清代黑漆嵌螺钿双龙戏珠长方攒盒是研究中国清代宫廷漆艺、螺钿工艺、宫廷食器与中琉文化交流的重要实物资料，体现了中国清代宫廷漆器的最高工艺水平，具有极高的历史与艺术价值。"
84,艺术类,漆器,朱漆山水人物沉金带足盆,1,"　　朱漆山水人物沉金带足盆是琉球漆器中沉金技法的代表作，以朱漆为地，以沉金技法装饰山水人物纹样，器形为带足的盆器，是琉球漆艺中沉金技法的精品。「沉金」是琉球漆器的重要装饰技法之一，受中国「戗金」技法影响，以刻刀在漆面上雕刻出纹样，再将金箔或金粉填入刻痕，形成金色的线条纹样，线条流畅，金光闪闪，与朱漆地子形成华丽的对比。
　　朱漆山水人物沉金带足盆以木为胎，髹以朱漆为地，朱红色泽鲜艳温暖，是琉球漆器中最具代表性的底色之一。盆面以沉金技法装饰山水人物纹样，画面描绘了中国风格的山水庭院与人物活动，远山近水、亭台楼阁、文人雅士，意境悠远，是受中国山水画影响的装饰题材。沉金的金色线条在朱漆地子上流畅游走，将山水的层次与人物的姿态表现得淋漓尽致，工艺极为精湛。「带足」指盆的底部有足，使盆体离开地面，既实用又美观，是琉球高级漆器的常见造型。
　　这件盆器是琉球宫廷或贵族用于盛放食物、果品或茶具的器具，也是重要的陈设品。朱漆山水人物沉金带足盆是研究琉球漆艺、沉金技法、山水人物纹样与宫廷食器的重要实物资料，体现了琉球漆艺在吸收中国戗金技法基础上的本土化发展，具有极高的历史与艺术价值。"
85,艺术类,陶器,高坏,1,"　　高坏是琉球传统的陶制礼器，是一种带有高足的陶制器皿，用于宫廷仪式、祭祀活动或宴会中盛放食物，是琉球陶器中最具礼仪性的器物之一。「高坏」的名称源于其形制，「高」指高足，「坏」指器皿，即带有高足的器皿，这一器物类型深受中国古代「豆」（高足礼器）的影响，是中琉文化交流在器物层面的体现。
　　琉球的陶器工艺历史悠久，受中国福建陶瓷与日本本土陶瓷的双重影响，发展出了独特的琉球陶器风格，壶屋烧是琉球最著名的陶器产地。高坏以黏土为原料，经成型、干燥、烧制而成，部分高级高坏还施以釉料或彩绘装饰，造型端庄，高足修长，器身饱满，具有浓厚的礼仪色彩。在琉球王国的宫廷仪式与祭祀活动中，高坏用于盛放祭品、食物或果品，是仪式中不可或缺的礼器，其使用有严格的等级规定，不同等级的仪式使用不同材质与装饰的高坏。
　　高坏是研究琉球陶器工艺、宫廷礼仪、祭祀文化与中琉文化交流的重要实物资料，其高足的形制与礼仪功能直接渊源于中国古代的青铜豆与陶豆，是中琉文化交流的生动物证，体现了琉球在吸收中国礼器文化基础上的本土化发展，具有重要的历史与艺术价值。"
86,艺术类,陶器,壶,1,"　　壶是琉球传统的陶制实用器与礼器，是琉球陶器中最常见、最具代表性的器物类型之一，用于储存水、酒、谷物等物品，也用于祭祀仪式中盛放祭品。琉球的陶器工艺历史悠久，受中国福建陶瓷与日本本土陶瓷的双重影响，发展出了独特的琉球陶器风格，壶屋烧是琉球最著名的陶器产地，以生产日用陶器与祭祀陶器闻名。
　　琉球陶壶的造型丰富多样，有大壶、小壶、扁壶、圆壶等多种形制，壶身多为圆形或椭圆形，口部有盖或无盖，肩部有系（用于穿绳提携），造型朴实实用，体现了琉球陶器注重实用的特征。陶壶以黏土为原料，经成型、干燥、烧制而成，部分高级陶壶还施以釉料或彩绘装饰，釉色以青釉、黑釉、褐釉为主，装饰纹样有花卉纹、几何纹、波浪纹等，既有实用性又有审美价值。在琉球的日常生活中，陶壶是家家户户必备的器具，用于储存饮用水、米酒、谷物等，是琉球庶民生活文化的重要物质载体。
　　在祭祀仪式中，陶壶也用于盛放祭品或作为祭祀礼器使用。壶是研究琉球陶器工艺、日常生活、庶民文化与祭祀传统的重要实物资料，体现了琉球陶器朴实实用的工艺特征与琉球人的生活智慧，具有重要的历史与艺术价值。"
87,艺术类,戏剧舞蹈道具,琉球人舞踏图卷,1,"　　《琉球人舞踏图卷》是日本江户时代描绘琉球人舞蹈表演场景的长卷绘画作品，是研究琉球传统舞蹈、音乐与服饰文化的珍贵图像资料。「舞踏」即舞蹈，《琉球人舞踏图卷》以长卷的形式，连续描绘了琉球传统舞蹈表演的全过程，包括舞者的舞姿、服饰、道具、伴奏乐师的乐器与演奏姿态、观众的反应等，画面生动，细节丰富。
　　琉球传统舞蹈（诸踊）是琉球王国宫廷艺术的重要组成部分，深受中国宫廷舞蹈与日本能乐、狂言的影响，同时融入了琉球本土的舞蹈元素，形成了独特的琉球舞蹈风格，在国王即位、册封使迎接、新年朝贺等重要宫廷仪式中表演。图卷中舞者的服饰采用琉球传统的红型染礼服与裙カカン，发饰有椿花发簪、のし发饰等，手持舞扇或其他道具，舞姿优雅，动作舒缓，体现了琉球宫廷舞蹈庄重典雅的艺术特征。伴奏乐师使用三线、胡弓、太鼓、笛等琉球传统乐器，为舞蹈伴奏。
　　《琉球人舞踏图卷》不仅是艺术价值很高的绘画作品，更是研究琉球传统舞蹈、音乐、服饰、宫廷礼仪与日琉文化交流的第一手图像资料，弥补了文字文献描述不够直观的不足，对于理解琉球宫廷艺术的表演形式与文化内涵具有不可替代的历史与艺术价值。"
88,艺术类,音乐器物,半笙,1,"　　半笙是琉球传统的吹奏乐器，是中国笙传入琉球后发展出的本土变体，是琉球宫廷音乐中重要的吹奏乐器之一。笙是中国古代发明的吹奏乐器，由多根竹管插入斗（气室）中组成，通过吹口吹气或吸气使管内的簧片振动发声，是中国古代宫廷雅乐中最重要的吹奏乐器之一。
　　笙大约在14至15世纪随中琉文化交流传入琉球，成为琉球宫廷音乐的重要乐器，在国王即位、册封使迎接、新年朝贺等重要宫廷仪式的音乐演奏中使用。「半笙」是琉球对传入的笙进行本土化改造后的名称，可能因其管数较中国本土的笙为少（半，即部分之意）而得名，也可能是琉球方言中的特有称呼。半笙的形制与中国笙基本一致，由斗（气室，多以匏或木制成）、竹管、簧片、吹口等部分组成，通过按放指孔控制音高，音色清澈悠扬，在宫廷乐队中担任和声或旋律的演奏。
　　半笙是研究琉球宫廷音乐、乐器史与中琉文化交流的重要实物资料，其形制与演奏方法直接渊源于中国古代的笙，是中国音乐文化传入琉球并本土化发展的生动物证，对于理解琉球宫廷音乐的乐器构成与音乐体系具有重要的历史与学术价值，体现了琉球在吸收中国音乐文化基础上的本土化创新。"
89,艺术类,音乐器物,缔太鼓,1,"　　缔太鼓是琉球传统的打击乐器，是日本太鼓传入琉球后发展出的本土变体，是琉球宫廷音乐与民俗音乐中重要的打击乐器之一。「太鼓」是日本对大鼓的称呼，「缔」指绷紧、固定，缔太鼓即通过绳索绷紧鼓皮的小型太鼓，音色清脆响亮，节奏鲜明。
　　太鼓大约在15至16世纪随日琉文化交流传入琉球，同时也受到中国鼓类乐器的影响，在琉球本土化发展后形成了独特的琉球缔太鼓。缔太鼓的形制与日本本土的缔太鼓基本一致，以木为鼓框，两面蒙以兽皮（多为牛皮），以绳索穿过鼓框两侧的孔将鼓皮绷紧固定，通过调节绳索的松紧来调整音高，演奏时以两根鼓槌敲击鼓面发声。缔太鼓在琉球宫廷音乐中用于控制节奏与增强气势，在国王即位、册封使迎接、新年朝贺等重要宫廷仪式的音乐演奏中使用，也是琉球传统舞蹈（诸踊）的重要伴奏乐器。
　　在民俗音乐与节庆活动中，缔太鼓也广泛使用，是琉球民间艺能中不可或缺的打击乐器。缔太鼓是研究琉球宫廷音乐、民俗音乐、乐器史与日琉文化交流的重要实物资料，体现了琉球在吸收日本与中国打击乐器文化基础上的本土化发展，对于理解琉球音乐的节奏体系与乐器构成具有重要的历史与学术价值。"
90,艺术类,音乐器物,工工四谱,2,"　　工工四谱是琉球传统音乐的记谱法，是一种以汉字记写音高与节奏的独特乐谱体系，是研究琉球传统音乐不可或缺的文献资料。「工工四」的名称源于其记谱法中最常用的三个音符符号「工」、「工」、「四」，这三个符号分别代表不同的音高，是工工四谱中最基本的音符。
　　工工四谱深受中国工尺谱的影响，工尺谱是中国传统音乐的记谱法，以「上、尺、工、凡、六、五、乙」等汉字记写音高，工工四谱正是在工尺谱的基础上，结合琉球传统音乐的音阶与旋律特点，本土化发展出的独特记谱体系。工工四谱以竖排书写，从右至左阅读，音符符号记写音高，符号的大小、位置与附加记号记写节奏与演奏技法，是一种兼具音高与节奏信息的完整记谱法。工工四谱主要用于记录琉球古典音乐（包括三线音乐、宫廷音乐、舞蹈音乐等）的旋律，是琉球传统音乐传承的重要载体，大量的琉球古典音乐作品正是通过工工四谱得以保存与传承。
　　工工四谱手写本是研究琉球传统音乐、记谱法、音乐史与中琉音乐文化交流的珍贵文献资料，体现了琉球在吸收中国工尺谱基础上的本土化创新，是琉球音乐文化独特性的重要标志，具有极高的历史与学术价值。"
91,艺术类,音乐器物,胡弓,1,"　　胡弓是琉球传统的拉弦乐器，是日本胡弓传入琉球后发展出的本土变体，也是琉球传统音乐中唯一的拉弦乐器，在琉球古典音乐与民俗音乐中占有重要地位。「胡弓」的名称源于其形制与演奏方式，「胡」指来自北方或西方的外族（与中国「胡琴」的「胡」同义），「弓」指以弓拉弦，胡弓即以弓拉弦的乐器。
　　胡弓大约在16至17世纪随日琉文化交流传入琉球，同时也受到中国胡琴（如二胡、板胡）的影响，在琉球本土化发展后形成了独特的琉球胡弓。琉球胡弓的形制与日本本土的胡弓有所区别，琴身较小，琴杆较短，通常有三根弦（与三线的弦数一致），琴筒蒙以蛇皮或猫皮，演奏时以坐姿持琴，琴筒置于膝上，以马尾弓拉弦发声，音色悠扬哀婉，富有表现力。胡弓在琉球古典音乐中用于演奏旋律或为三线伴奏，在国王即位、册封使迎接等宫廷仪式的音乐演奏中使用，也是琉球传统舞蹈的重要伴奏乐器。
　　在民俗音乐中，胡弓也广泛使用，是琉球民间艺能中常见的乐器。胡弓是研究琉球传统音乐、乐器史与日琉中音乐文化交流的重要实物资料，体现了琉球在吸收日本与中国拉弦乐器文化基础上的本土化发展，对于理解琉球音乐的音色构成与演奏传统具有重要的历史与学术价值。"
92,艺术类,音乐器物,琉球乐器图,1,"　　《琉球乐器图》是专门描绘琉球传统乐器的绘画作品，系统地记录了琉球宫廷音乐与民俗音乐中使用的各种乐器，是研究琉球乐器史与音乐文化的珍贵图像资料。《琉球乐器图》以写实的手法，逐一描绘了琉球传统音乐中使用的各种乐器，包括吹奏乐器（如半笙、笛、尺八等）、拉弦乐器（如胡弓）、弹拨乐器（如三线、琉球筝等）、打击乐器（如缔太鼓、太鼓、钲、木鱼等），并配有详细的文字说明，标注了各种乐器的名称、形制、材质、尺寸、演奏方法与使用场合。
　　琉球传统乐器的构成深受中国与日本乐器文化的双重影响，同时融入了琉球本土的创新，形成了独特的琉球乐器体系，《琉球乐器图》系统地记录了这一乐器体系，是研究琉球乐器不可或缺的图像资料。与单纯的乐器实物相比，乐器图展示了乐器的完整形态、结构部件与演奏姿态，对于理解乐器的演奏方法与使用场景具有重要价值，也为乐器的复原与复制提供了详细的依据。《琉球乐器图》的创作与日琉文化交流密切相关，江户时代的日本民众对琉球的音乐文化充满好奇，琉球乐器图正是满足这种文化好奇心的艺术产品，同时也为后世留下了珍贵的音乐图像记录。
　　《琉球乐器图》是研究琉球乐器史、音乐文化、宫廷音乐与日琉中音乐文化交流的珍贵图像资料，具有极高的历史与学术价值。"
93,艺术类,音乐器物,蛇皮线三线,1,"　　蛇皮线三线是琉球最具代表性的传统乐器，因琴筒两面蒙以蛇皮而得名，又称「蛇皮线」或「蛇味线」，是琉球古典音乐与民俗音乐的核心乐器，被誉为「琉球音乐的灵魂」。三线大约在14世纪末从中国传入琉球，其前身是中国的三弦，传入琉球后经本土化发展，形成了独特的琉球三线，并于16世纪中叶传入日本本土，发展为日本的三味线。
　　三线由琴头、琴颈（棹）、琴筒（胴）三部分构成，琴筒为小圆形或椭圆形，两面蒙以蛇皮（传统上用眼镜蛇或王锦蛇的皮，老蛇的皮因鳞片圆大、音色浑厚而被视为上品），琴颈细长，无品（音位），张三根弦，以牛角或象牙制成的拨子（爪）戴在食指上拨弦发声。三线的音色清澈明亮，富有穿透力，既能演奏悠扬的古典旋律，也能演奏欢快的民间曲调，是琉球古典音乐（包括宫廷音乐、舞蹈音乐、民谣等）不可或缺的伴奏乐器与独奏乐器。在琉球王国时期，三线是宫廷乐器，由王室设立的专门机构管理生产，高级三线是贵族身份的象征。
　　2018年，三线被日本政府指定为传统工艺品。蛇皮线三线是研究琉球音乐史、乐器史、传统工艺与中琉日音乐文化交流的最重要实物资料，是琉球文化最具标志性的象征之一，具有极高的历史、艺术与文化价值。"
94,饮食类,,苦瓜杂炒,2,"　　苦瓜杂炒（ゴーヤーチャンプルー）是冲绳最具代表性的传统料理，也是琉球料理的代名词，以苦瓜为主料，搭配豆腐、鸡蛋、猪肉（或午餐肉）炒制而成，是琉球饮食文化中「杂炒」（チャンプルー）精神的集中体现。「チャンプルー」在琉球方言中意为「混杂」、「翻炒」，指将多种食材混合在一起炒制的烹饪方式，是琉球料理最基本的烹饪方法之一，体现了琉球作为海洋贸易国家兼收并蓄、融合创新的文化特质。
　　苦瓜（ゴーヤー）是琉球料理中最重要的蔬菜之一，原产于东南亚，经贸易传入琉球后成为琉球饮食的核心食材，其特有的苦味与丰富的维生素C含量，使其成为冲绳长寿饮食的代表食材。苦瓜杂炒的做法是将苦瓜切片去瓤，用盐腌制去除部分苦味，然后与豆腐、鸡蛋、猪肉（或Spam午餐肉，反映了战后美国文化的影响）一起炒制，以酱油、料酒、鲣鱼高汤调味，口感丰富，苦中带鲜，营养均衡。
　　苦瓜杂炒不仅是冲绳最受欢迎的家庭料理，也是琉球饮食文化的象征，其「混杂」的烹饪方式正是琉球文化融合精神的生动体现，反映了琉球在吸收中国、日本、东南亚与美国饮食文化基础上的本土化创新，是研究琉球饮食文化与文化融合的重要案例，具有重要的文化与社会价值。"
95,饮食类,,豚角煮,5,"　　豚角煮是冲绳最具代表性的传统猪肉料理，也是琉球料理中最著名的菜品之一，以带皮五花肉为原料，经长时间炖煮而成，口感软糯，肥而不腻，是琉球猪肉饮食文化的代表作品。琉球料理与日本本土料理最大的区别在于对猪肉的大量使用，日本本土因佛教影响长期有食肉禁忌，而琉球受中国饮食文化影响，猪肉文化发达，是琉球料理的核心食材，冲绳也是日本人均猪肉消费量最高的地区。
　　「豚角煮」的名称中，「豚」指猪肉，「角煮」指将肉切成方块（角）后炖煮，这一烹饪方法深受中国红烧肉的影响，是中琉饮食文化交流的生动体现。豚角煮的做法是将带皮五花肉切成方块，先焯水去除血沫与多余脂肪，然后以酱油、味醂、料酒、红糖、生姜、八角（五香粉）等调味，加入昆布或鲣鱼高汤，经小火慢炖数小时，至肉质软糯、皮胶融化、入味深厚即可。豚角煮口感软糯入口即化，肥而不腻，咸甜适中，香气浓郁，是冲绳宴会、节庆与日常生活中最受欢迎的菜品之一，也是冲绳长寿饮食的重要组成部分（研究认为适量食用炖煮的猪肉对健康有益）。
　　豚角煮是研究琉球饮食文化、猪肉传统与中琉饮食文化交流的重要案例，体现了琉球在吸收中国烹饪方法基础上的本土化发展，是琉球饮食文化最具代表性的作品之一，具有重要的文化与社会价值。"
96,饮食类,,羊汁,3,"　　羊汁是冲绳传统的羊肉汤料理，是琉球料理中最具特色的汤品之一，以山羊肉为主要原料，搭配甘蔗、生姜、香料等长时间炖煮而成，是琉球羊肉饮食文化的代表作品。琉球群岛饲养山羊的历史悠久，山羊适应琉球的亚热带气候与山地环境，是琉球重要的家畜之一，山羊肉是琉球传统的肉食来源，尤其在冬季与节庆活动中，羊肉汤是滋补身体的重要食品。
　　「羊汁」的名称中，「羊」指山羊肉，「汁」指汤汁，即羊肉汤，这一称呼与日本本土的「汁物」（汤品）命名方式一致。羊汁的做法是将山羊肉切块，先焯水去除膻味，然后加入甘蔗（琉球特产，为汤品增添自然的甜味）、生姜、大蒜、胡椒、八角、桂皮等香料，以小火慢炖数小时，至羊肉软烂、汤汁浓郁即可。羊汁的特点是羊肉软烂不膻，汤汁清甜浓郁，带有甘蔗的自然甜味与香料的复合香气，营养丰富，滋补暖身，是冲绳冬季最受欢迎的汤品之一，也是琉球传统的滋补食品。
　　羊汁中使用甘蔗调味是琉球料理的独特做法，反映了琉球作为甘蔗产地的地域特色，也体现了琉球饮食因地制宜、利用本土食材的智慧。羊汁是研究琉球饮食文化、家畜饲养、地域食材利用与滋补传统的重要案例，体现了琉球饮食文化的地域特色与文化独特性，是琉球料理中不可多得的特色汤品，具有重要的文化与社会价值。"
97,宗教与民俗实物类,民俗辟邪物,琉球狮子,3,"　　琉球狮子（シーサー，Shisa）是琉球最具代表性的民俗辟邪物与守护神，是一种以狮子为原型的虚构神兽，广泛设置于琉球的屋顶、门户、路口、桥梁等处，用于驱邪镇宅、守护平安，是琉球民俗文化最具标志性的象征之一。琉球狮子的信仰起源于古代印度与中国，狮子随佛教从印度传入中国，再由中国于15世纪（明代）经闽人三十六姓传入琉球，与琉球本土的神灵信仰相结合，发展出了独特的琉球狮子信仰。
　　琉球狮子的造型与中国石狮、日本狛犬既有联系又有区别，通常成对出现，一雌一雄，雄狮张口（象征吐纳邪气、驱邪纳福），雌狮闭口（象征守护幸福、留住好运），造型夸张生动，表情威严而不失憨态。琉球狮子的材质丰富多样，有灰泥瓦制（最常见，用于屋顶）、陶制（用于门户）、石制（用于路口与桥梁）、木雕、铜铸等，不同材质与造型对应不同的使用场合与功能。琉球狮子不仅是辟邪物，也是琉球建筑装饰艺术的重要组成部分，其造型与装饰体现了琉球工匠的艺术创造力。
　　琉球狮子信仰在冲绳战后得到了极大的复兴与发展，如今已成为冲绳最具代表性的文化符号与旅游形象，出现在各种旅游纪念品、文创产品与公共艺术中。琉球狮子是研究琉球民俗信仰、辟邪文化、建筑装饰与中琉文化交流的最重要实物资料，是琉球文化最具辨识度的象征之一，具有极高的历史、文化与艺术价值。"
98,宗教与民俗实物类,民俗辟邪物,石敢当,3,"　　石敢当是琉球最具代表性的民俗辟邪物之一，是一种刻有「石敢当」或「泰山石敢当」字样的石碑，通常设置于丁字路口、巷口、桥端或房屋的冲煞位置，用于镇邪避凶、守护道路与住宅平安，是琉球民俗信仰中与琉球狮子并列的两大辟邪物之一。石敢当信仰起源于中国古代，「石敢当」最初是古代民间对石头的神化信仰，认为石头有灵，可以镇邪避凶，后与泰山信仰（泰山为五岳之首，象征权威与镇邪）相结合，形成「泰山石敢当」的信仰，是中国古代阴阳学与风水学说的重要组成部分。
　　这种信仰大约在14至15世纪随中国文化（特别是闽人三十六姓）传入琉球，与琉球本土的神灵信仰与风水观念相结合，在琉球广泛传播，成为琉球最普遍的民俗辟邪物之一。琉球的石敢当形制多样，有自然石（不经雕琢的天然石块，上刻文字）、长方形人造石（规整的石碑，上刻「石敢当」或「泰山石敢当」字样）、陶制石敢当（以陶土烧制而成）等多种类型，部分高级石敢当还雕刻有狮子头像或其他装饰纹样。琉球的石敢当设置位置与中国基本一致，多在丁字路口的冲煞处，用于阻挡「路冲」（风水术语，指道路直冲带来的煞气），守护道路与住宅平安。
　　石敢当是研究琉球民俗信仰、风水文化、辟邪传统与中琉文化交流的重要实物资料，其形制、设置方式与文化内涵直接渊源于中国，是中国民间信仰在琉球本土化传播与发展的生动物证，具有重要的历史与文化价值。"
99,宗教与民俗实物类,民俗实物,厨子瓮,1,"　　厨子瓮是琉球传统的陶制收纳器具，因形似「厨子」（橱柜）而得名，是琉球壶屋烧陶器中最具特色的器物类型之一，用于收纳食物、衣物、书籍或作为祭祀器具使用，是琉球庶民生活文化的重要物质载体。「厨子瓮」的名称源于其形制，「厨子」指橱柜、收纳柜，「瓮」指陶制容器，厨子瓮即形似橱柜的陶制收纳器，这一器物类型是琉球独有的陶器形制，深受中国陶瓷与日本本土陶器的影响，但在造型与功能上具有鲜明的琉球特色。
　　厨子瓮以琉球壶屋地区的黏土为原料，经成型、干燥、烧制而成，器形多为长方形或方形，带有盖子或抽屉，部分高级厨子瓮还施以釉料或彩绘装饰，釉色以青釉、黑釉、褐釉为主，装饰纹样有花卉纹、几何纹、波浪纹等，造型朴实实用，体现了琉球陶器注重实用的工艺特征。在琉球的日常生活中，厨子瓮是家家户户必备的收纳器具，用于储存食物、衣物、书籍、贵重物品等，其陶制的材质具有良好的防潮防虫功能，非常适合琉球潮湿的亚热带气候。在祭祀仪式中，厨子瓮也用于盛放祭品或作为祭祀礼器使用。
　　厨子瓮是研究琉球陶器工艺、壶屋烧、庶民生活、收纳文化与祭祀传统的重要实物资料，体现了琉球陶器朴实实用的工艺特征与琉球人的生活智慧，是琉球庶民文化的重要物质见证，具有重要的历史与艺术价值。"
100,宗教与民俗实物类,民俗实物,龟甲墓,3,"　　龟甲墓是琉球最具代表性的传统墓葬形式，因墓室平面形状酷似龟甲而得名，是琉球丧葬文化与祖先崇拜的重要物质载体，广泛分布于琉球群岛各地，是琉球民俗文化最具标志性的景观之一。龟甲墓的起源可追溯至17世纪，由中国华南地区（特别是福建）传入琉球，最初为士族阶层所使用，至19世纪后期逐渐普及至农村平民阶层，成为琉球最普遍的墓葬形式。
　　龟甲墓的平面形状为前端圆、后端尖的椭圆形，酷似龟甲的轮廓，因此得名，墓室以琉球石灰岩砌筑，内部空间宽敞，可容纳多个家族成员的遗骨，是一种家族合葬墓。龟甲墓的设计体现了琉球人的生死观与祖先崇拜，墓室被视为死者在另一个世界的「家」，龟甲的形状象征长寿与永恒（龟在东亚文化中是长寿的象征），墓室朝向通常面向大海或开阔地，体现了风水观念。龟甲墓的建造工艺精湛，石匠以琉球石灰岩砌筑墓室，石块之间严丝合缝，墓门雕刻精美，部分高级龟甲墓还装饰有狮子、石敢当等辟邪物。
　　龟甲墓不仅是丧葬设施，也是琉球家族认同与祖先崇拜的重要场所，每年的清明（シーミー）与盂兰盆节，家族成员会聚集在龟甲墓前，举行祭祀仪式，供奉食物与酒水，缅怀祖先，祈求家族平安。龟甲墓是研究琉球丧葬文化、祖先崇拜、家族制度、石造建筑与中琉文化交流的最重要实物资料，是琉球民俗文化最具标志性的景观之一，具有极高的历史、文化与建筑艺术价值。"
